B00FXKE3U0,Next Pleasure Eau de Fabric perfume 70ml,http://www.amazon.in/Fragrances/b/ref=sd_allcat_beauty_fragrance/276-6718833-1247838?ie=UTF8&node=1374298031,Rs. 179.00,Fragranc,Perfume,NEXT CARE INC,http://ecx.images-amazon.com/images/I/418LhcodT%2BL._AA160_.jpg,Rs. 179.00,self Colour,Beauty & Health,http://www.amazon.in/Next-Pleasure-Fabric-perfume-70ml/dp/B00FXKE3U0/ref=sr_1_6/275-4834488-1298866?s=beauty&ie=UTF8&qid=1395126965&sr=1-6,[<a class="buyAction" href="/gp/offer-listing/B00FXKE3U0/ref=dp_olp_0/275-4834488-1298866?ie=UTF8&amp;condition=all">these sellers</a>],Amazon.in: Buy Next Pleasure Eau de Fabric perfume 70ml Online at Best Price in India | Amazon Beauty Store,Buy Next Pleasure Eau de Fabric perfume 70ml at lowest price in India on Amazon.in. Check out Next Pleasure Eau de Fabric perfume 70ml reviews  ratings  features  specifications and browse more Beauty products online at best prices on Amazon.in.,None,<div class="bucket" id="productDescription"> <h2>Product Description</h2> <div class="content"> <h3 class="productDescriptionSource"></h3> <div class="productDescriptionWrapper">        Next Pleasure Eau de Fabric perfume 70ml              <div class="emptyClear"> </div> </div> </div> </div>,None,18:03:2014,None
B00FXKGKVK,Next Speed Orange Eau de Fabric Perfume,http://www.amazon.in/Fragrances/b/ref=sd_allcat_beauty_fragrance/276-6718833-1247838?ie=UTF8&node=1374298031,Rs. 290.00,Fragranc,Perfume,NEXT CARE INC,http://ecx.images-amazon.com/images/I/418LhcodT%2BL._AA160_.jpg,Rs. 290.00,self Colour,Beauty & Health,http://www.amazon.in/Next-Speed-Orange-Fabric-Perfume/dp/B00FXKGKVK/ref=sr_1_3/275-4834488-1298866?s=beauty&ie=UTF8&qid=1395126965&sr=1-3,[<a class="buyAction" href="/gp/offer-listing/B00FXKGKVK/ref=dp_olp_0/275-4834488-1298866?ie=UTF8&amp;condition=all">these sellers</a>],Amazon.in: Buy Next Speed Orange Eau de Fabric Perfume Online at Best Price in India | Amazon Beauty Store,Buy Next Speed Orange Eau de Fabric Perfume at lowest price in India on Amazon.in. Check out Next Speed Orange Eau de Fabric Perfume reviews  ratings  features  specifications and browse more Beauty products online at best prices on Amazon.in.,None,<div class="bucket" id="productDescription"> <h2>Product Description</h2> <div class="content"> <h3 class="productDescriptionSource"></h3> <div class="productDescriptionWrapper">        Next Speed Orange Eau de Fabric Perfume              <div class="emptyClear"> </div> </div> </div> </div>,None,18:03:2014,None
B00FXKE20G,English Leather Pure Rose Eau de Fabric perfume 30ml,http://www.amazon.in/Fragrances/b/ref=sd_allcat_beauty_fragrance/276-6718833-1247838?ie=UTF8&node=1374298031,Rs. 80.00,Fragranc,Perfume,NEXT CARE INC,http://ecx.images-amazon.com/images/I/418LhcodT%2BL._AA160_.jpg,Rs. 80.00,self Colour,Beauty & Health,http://www.amazon.in/English-Leather-Pure-Fabric-perfume/dp/B00FXKE20G/ref=sr_1_2/275-4834488-1298866?s=beauty&ie=UTF8&qid=1395126965&sr=1-2,[<a class="buyAction" href="/gp/offer-listing/B00FXKE20G/ref=dp_olp_0/275-4834488-1298866?ie=UTF8&amp;condition=all">these sellers</a>],Amazon.in: Buy English Leather Pure Rose Eau de Fabric perfume 30ml Online at Best Price in India | Amazon Beauty Store,Buy English Leather Pure Rose Eau de Fabric perfume 30ml at lowest price in India on Amazon.in. Check out English Leather Pure Rose Eau de Fabric perfume 30ml reviews  ratings  features  specifications and browse more Beauty products online at best prices on Amazon.in.,None,<div class="bucket" id="productDescription"> <h2>Product Description</h2> <div class="content"> <h3 class="productDescriptionSource"></h3> <div class="productDescriptionWrapper">        English Leather Pure Rose Eau de Fabric perfume 30ml              <div class="emptyClear"> </div> </div> </div> </div>,None,18:03:2014,None
B00FU86S4O,Next Blue label Eau de Fabric Perfume  25ml,http://www.amazon.in/Fragrances/b/ref=sd_allcat_beauty_fragrance/276-6718833-1247838?ie=UTF8&node=1374298031,Rs. 115.00,Fragranc,Perfume,NEXT CARE INC,http://ecx.images-amazon.com/images/I/418LhcodT%2BL._AA160_.jpg,Rs. 115.00,self Colour,Beauty & Health,http://www.amazon.in/Next-Blue-label-Fabric-Perfume/dp/B00FU86S4O/ref=sr_1_9/275-4834488-1298866?s=beauty&ie=UTF8&qid=1395126965&sr=1-9,[<a class="buyAction" href="/gp/offer-listing/B00FU86S4O/ref=dp_olp_0/275-4834488-1298866?ie=UTF8&amp;condition=all">these sellers</a>],Amazon.in: Buy Next Blue label Eau de Fabric Perfume  25ml Online at Best Price in India | Amazon Beauty Store,Buy Next Blue label Eau de Fabric Perfume  25ml at lowest price in India on Amazon.in. Check out Next Blue label Eau de Fabric Perfume  25ml reviews  ratings  features  specifications and browse more Beauty products online at best prices on Amazon.in.,None,<div class="bucket" id="productDescription"> <h2>Product Description</h2> <div class="content"> <h3 class="productDescriptionSource"></h3> <div class="productDescriptionWrapper">        Next Blue label Eau de Fabric Perfume 25ml              <div class="emptyClear"> </div> </div> </div> </div>,None,18:03:2014,None
B00FXKE1DY,English Leather Cocktail Eau de Fabric perfume  30ml,http://www.amazon.in/Fragrances/b/ref=sd_allcat_beauty_fragrance/276-6718833-1247838?ie=UTF8&node=1374298031,Rs. 79.00,Fragranc,Perfume,NEXT CARE INC,http://ecx.images-amazon.com/images/I/418LhcodT%2BL._AA160_.jpg,Rs. 79.00,self Colour,Beauty & Health,http://www.amazon.in/English-Leather-Cocktail-Fabric-perfume/dp/B00FXKE1DY/ref=sr_1_1/275-4834488-1298866?s=beauty&ie=UTF8&qid=1395126965&sr=1-1,[<a class="buyAction" href="/gp/offer-listing/B00FXKE1DY/ref=dp_olp_0/275-4834488-1298866?ie=UTF8&amp;condition=all">these sellers</a>],Amazon.in: Buy English Leather Cocktail Eau de Fabric perfume  30ml Online at Best Price in India | Amazon Beauty Store,Buy English Leather Cocktail Eau de Fabric perfume  30ml at lowest price in India on Amazon.in. Check out English Leather Cocktail Eau de Fabric perfume  30ml reviews  ratings  features  specifications and browse more Beauty products online at best prices on Amazon.in.,None,<div class="bucket" id="productDescription"> <h2>Product Description</h2> <div class="content"> <h3 class="productDescriptionSource"></h3> <div class="productDescriptionWrapper">        English Leather Cocktail Eau de Fabric perfume 30ml              <div class="emptyClear"> </div> </div> </div> </div>,None,18:03:2014,None
B00FXKE0OO,Next Care English Leather Little Heart Eau de Fabric Perfume  30ml,http://www.amazon.in/Fragrances/b/ref=sd_allcat_beauty_fragrance/276-6718833-1247838?ie=UTF8&node=1374298031,Rs. 39.00,Fragranc,Perfume,NEXT CARE INC,http://ecx.images-amazon.com/images/I/418LhcodT%2BL._AA160_.jpg,Rs. 39.00,self Colour,Beauty & Health,http://www.amazon.in/English-Leather-Little-Fabric-Perfume/dp/B00FXKE0OO/ref=sr_1_5/275-4834488-1298866?s=beauty&ie=UTF8&qid=1395126965&sr=1-5,[<a class="buyAction" href="/gp/offer-listing/B00FXKE0OO/ref=dp_olp_0/275-4834488-1298866?ie=UTF8&amp;condition=all">these sellers</a>],Amazon.in: Buy Next Care English Leather Little Heart Eau de Fabric Perfume  30ml Online at Best Price in India | Amazon Beauty Store,Buy Next Care English Leather Little Heart Eau de Fabric Perfume  30ml at lowest price in India on Amazon.in. Check out Next Care English Leather Little Heart Eau de Fabric Perfume  30ml reviews  ratings  features  specifications and browse more Beauty products online at best prices on Amazon.in.,None,<div class="bucket" id="productDescription"> <h2>Product Description</h2> <div class="content"> <h3 class="productDescriptionSource"></h3> <div class="productDescriptionWrapper">        English Leather Little Heart Eau de Fabric perfume 30ml              <div class="emptyClear"> </div> </div> </div> </div>,None,18:03:2014,None
B00FU871Q8,Next Care English Leather Liverpool Eau de Fabric Perfume  30ml,http://www.amazon.in/Fragrances/b/ref=sd_allcat_beauty_fragrance/276-6718833-1247838?ie=UTF8&node=1374298031,Rs. 95.00,Fragranc,Perfume,NEXT CARE INC,http://ecx.images-amazon.com/images/I/418LhcodT%2BL._AA160_.jpg,Rs. 95.00,self Colour,Beauty & Health,http://www.amazon.in/English-Leather-Liverpool-Fabric-Perfume/dp/B00FU871Q8/ref=sr_1_11/275-4834488-1298866?s=beauty&ie=UTF8&qid=1395126965&sr=1-11,[<a class="buyAction" href="/gp/offer-listing/B00FU871Q8/ref=dp_olp_0/275-4834488-1298866?ie=UTF8&amp;condition=all">these sellers</a>],Amazon.in: Buy Next Care English Leather Liverpool Eau de Fabric Perfume  30ml Online at Best Price in India | Amazon Beauty Store,Buy Next Care English Leather Liverpool Eau de Fabric Perfume  30ml at lowest price in India on Amazon.in. Check out Next Care English Leather Liverpool Eau de Fabric Perfume  30ml reviews  ratings  features  specifications and browse more Beauty products online at best prices on Amazon.in.,None,<div class="bucket" id="productDescription"> <h2>Product Description</h2> <div class="content"> <h3 class="productDescriptionSource"></h3> <div class="productDescriptionWrapper">        English Leather Liverpool Eau de Fabric perfume 30ml              <div class="emptyClear"> </div> </div> </div> </div>,None,18:03:2014,None
B00FXKE4GI,Next Valentine Eau de Fabric Perfume  70ml,http://www.amazon.in/Fragrances/b/ref=sd_allcat_beauty_fragrance/276-6718833-1247838?ie=UTF8&node=1374298031,Rs. 200.00,Fragranc,Perfume,NEXT CARE INC,http://ecx.images-amazon.com/images/I/418LhcodT%2BL._AA160_.jpg,Rs. 200.00,self Colour,Beauty & Health,http://www.amazon.in/Next-Valentine-Fabric-Perfume-70ml/dp/B00FXKE4GI/ref=sr_1_7/275-4834488-1298866?s=beauty&ie=UTF8&qid=1395126965&sr=1-7,[<a class="buyAction" href="/gp/offer-listing/B00FXKE4GI/ref=dp_olp_0/275-4834488-1298866?ie=UTF8&amp;condition=all">these sellers</a>],Amazon.in: Buy Next Valentine Eau de Fabric Perfume  70ml Online at Best Price in India | Amazon Beauty Store,Buy Next Valentine Eau de Fabric Perfume  70ml at lowest price in India on Amazon.in. Check out Next Valentine Eau de Fabric Perfume  70ml reviews  ratings  features  specifications and browse more Beauty products online at best prices on Amazon.in.,None,<div class="bucket" id="productDescription"> <h2>Product Description</h2> <div class="content"> <h3 class="productDescriptionSource"></h3> <div class="productDescriptionWrapper">        Next Valentine Eau de Fabric perfume 70ml              <div class="emptyClear"> </div> </div> </div> </div>,None,18:03:2014,None
B00FXKDJ5A,Next Silver Dragon Eau de fabric Perfume,http://www.amazon.in/Fragrances/b/ref=sd_allcat_beauty_fragrance/276-6718833-1247838?ie=UTF8&node=1374298031,Rs. 129.00,Fragranc,Perfume,NEXT CARE INC,http://ecx.images-amazon.com/images/I/418LhcodT%2BL._AA160_.jpg,Rs. 129.00,self Colour,Beauty & Health,http://www.amazon.in/Next-Silver-Dragon-fabric-Perfume/dp/B00FXKDJ5A/ref=sr_1_15/275-4834488-1298866?s=beauty&ie=UTF8&qid=1395126965&sr=1-15,[<a class="buyAction" href="/gp/offer-listing/B00FXKDJ5A/ref=dp_olp_0/275-4834488-1298866?ie=UTF8&amp;condition=all">these sellers</a>],Amazon.in: Buy Next Silver Dragon Eau de fabric Perfume Online at Best Price in India | Amazon Beauty Store,Buy Next Silver Dragon Eau de fabric Perfume at lowest price in India on Amazon.in. Check out Next Silver Dragon Eau de fabric Perfume reviews  ratings  features  specifications and browse more Beauty products online at best prices on Amazon.in.,None,<div class="bucket" id="productDescription"> <h2>Product Description</h2> <div class="content"> <h3 class="productDescriptionSource"></h3> <div class="productDescriptionWrapper">        Next Silver Dragon Eau de fabric Perfume              <div class="emptyClear"> </div> </div> </div> </div>,None,18:03:2014,None
B00FU86R2C,Next Brown label Eau de Fabric Perfume  25ml,http://www.amazon.in/Fragrances/b/ref=sd_allcat_beauty_fragrance/276-6718833-1247838?ie=UTF8&node=1374298031,Rs. 129.00,Fragranc,Perfume,NEXT CARE INC,http://ecx.images-amazon.com/images/I/418LhcodT%2BL._AA160_.jpg,Rs. 129.00,self Colour,Beauty & Health,http://www.amazon.in/Next-Brown-label-Fabric-Perfume/dp/B00FU86R2C/ref=sr_1_10/275-4834488-1298866?s=beauty&ie=UTF8&qid=1395126965&sr=1-10,[<a class="buyAction" href="/gp/offer-listing/B00FU86R2C/ref=dp_olp_0/275-4834488-1298866?ie=UTF8&amp;condition=all">these sellers</a>],Amazon.in: Buy Next Brown label Eau de Fabric Perfume  25ml Online at Best Price in India | Amazon Beauty Store,Buy Next Brown label Eau de Fabric Perfume  25ml at lowest price in India on Amazon.in. Check out Next Brown label Eau de Fabric Perfume  25ml reviews  ratings  features  specifications and browse more Beauty products online at best prices on Amazon.in.,None,<div class="bucket" id="productDescription"> <h2>Product Description</h2> <div class="content"> <h3 class="productDescriptionSource"></h3> <div class="productDescriptionWrapper">        Next Brown label Eau de Fabric Perfume 25ml              <div class="emptyClear"> </div> </div> </div> </div>,None,18:03:2014,None
B00FXKGLMS,Next Motion Black Eau de Fabric Perfume,http://www.amazon.in/Fragrances/b/ref=sd_allcat_beauty_fragrance/276-6718833-1247838?ie=UTF8&node=1374298031,Rs. 290.00,Fragranc,Perfume,NEXT CARE INC,http://ecx.images-amazon.com/images/I/418LhcodT%2BL._AA160_.jpg,Rs. 290.00,self Colour,Beauty & Health,http://www.amazon.in/Next-Motion-Black-Fabric-Perfume/dp/B00FXKGLMS/ref=sr_1_13/275-4834488-1298866?s=beauty&ie=UTF8&qid=1395126965&sr=1-13,[<a class="buyAction" href="/gp/offer-listing/B00FXKGLMS/ref=dp_olp_0/275-4834488-1298866?ie=UTF8&amp;condition=all">these sellers</a>],Amazon.in: Buy Next Motion Black Eau de Fabric Perfume Online at Best Price in India | Amazon Beauty Store,Buy Next Motion Black Eau de Fabric Perfume at lowest price in India on Amazon.in. Check out Next Motion Black Eau de Fabric Perfume reviews  ratings  features  specifications and browse more Beauty products online at best prices on Amazon.in.,None,<div class="bucket" id="productDescription"> <h2>Product Description</h2> <div class="content"> <h3 class="productDescriptionSource"></h3> <div class="productDescriptionWrapper">        Next Motion Black Eau de Fabric Perfume              <div class="emptyClear"> </div> </div> </div> </div>,None,18:03:2014,None
B00FXKE5NK,Next Waves Eau de Fabric perfume 100ml,http://www.amazon.in/Fragrances/b/ref=sd_allcat_beauty_fragrance/276-6718833-1247838?ie=UTF8&node=1374298031,Rs. 305.00,Fragranc,Perfume,NEXT CARE INC,http://ecx.images-amazon.com/images/I/418LhcodT%2BL._AA160_.jpg,Rs. 305.00,self Colour,Beauty & Health,http://www.amazon.in/Next-Waves-Fabric-perfume-100ml/dp/B00FXKE5NK/ref=sr_1_16/275-4834488-1298866?s=beauty&ie=UTF8&qid=1395126965&sr=1-16,[<a class="buyAction" href="/gp/offer-listing/B00FXKE5NK/ref=dp_olp_0/275-4834488-1298866?ie=UTF8&amp;condition=all">these sellers</a>],Amazon.in: Buy Next Waves Eau de Fabric perfume 100ml Online at Best Price in India | Amazon Beauty Store,Buy Next Waves Eau de Fabric perfume 100ml at lowest price in India on Amazon.in. Check out Next Waves Eau de Fabric perfume 100ml reviews  ratings  features  specifications and browse more Beauty products online at best prices on Amazon.in.,None,<div class="bucket" id="productDescription"> <h2>Product Description</h2> <div class="content"> <h3 class="productDescriptionSource"></h3> <div class="productDescriptionWrapper">        Next Waves Eau de Fabric perfume 100ml              <div class="emptyClear"> </div> </div> </div> </div>,None,18:03:2014,None
B00FXKGJ34,Next Naughty Black Eau de Fabric Perfume,http://www.amazon.in/Fragrances/b/ref=sd_allcat_beauty_fragrance/276-6718833-1247838?ie=UTF8&node=1374298031,Rs. 129.00,Fragranc,Perfume,NEXT CARE INC,http://ecx.images-amazon.com/images/I/418LhcodT%2BL._AA160_.jpg,Rs. 129.00,self Colour,Beauty & Health,http://www.amazon.in/Next-Naughty-Black-Fabric-Perfume/dp/B00FXKGJ34/ref=sr_1_14/275-4834488-1298866?s=beauty&ie=UTF8&qid=1395126965&sr=1-14,[<a class="buyAction" href="/gp/offer-listing/B00FXKGJ34/ref=dp_olp_0/275-4834488-1298866?ie=UTF8&amp;condition=all">these sellers</a>],Amazon.in: Buy Next Naughty Black Eau de Fabric Perfume Online at Best Price in India | Amazon Beauty Store,Buy Next Naughty Black Eau de Fabric Perfume at lowest price in India on Amazon.in. Check out Next Naughty Black Eau de Fabric Perfume reviews  ratings  features  specifications and browse more Beauty products online at best prices on Amazon.in.,None,<div class="bucket" id="productDescription"> <h2>Product Description</h2> <div class="content"> <h3 class="productDescriptionSource"></h3> <div class="productDescriptionWrapper">        Next Naughty Black Eau de fabric Perfume              <div class="emptyClear"> </div> </div> </div> </div>,None,18:03:2014,None
B00FXKDZ0E,English Leather Rockstar Eau de Fabric perfume 30ml,http://www.amazon.in/Fragrances/b/ref=sd_allcat_beauty_fragrance/276-6718833-1247838?ie=UTF8&node=1374298031,Rs. 80.00,Fragranc,Perfume,NEXT CARE INC,http://ecx.images-amazon.com/images/I/418LhcodT%2BL._AA160_.jpg,Rs. 80.00,self Colour,Beauty & Health,http://www.amazon.in/English-Leather-Rockstar-Fabric-perfume/dp/B00FXKDZ0E/ref=sr_1_4/275-4834488-1298866?s=beauty&ie=UTF8&qid=1395126965&sr=1-4,[<a class="buyAction" href="/gp/offer-listing/B00FXKDZ0E/ref=dp_olp_0/275-4834488-1298866?ie=UTF8&amp;condition=all">these sellers</a>],Amazon.in: Buy English Leather Rockstar Eau de Fabric perfume 30ml Online at Best Price in India | Amazon Beauty Store,Buy English Leather Rockstar Eau de Fabric perfume 30ml at lowest price in India on Amazon.in. Check out English Leather Rockstar Eau de Fabric perfume 30ml reviews  ratings  features  specifications and browse more Beauty products online at best prices on Amazon.in.,None,<div class="bucket" id="productDescription"> <h2>Product Description</h2> <div class="content"> <h3 class="productDescriptionSource"></h3> <div class="productDescriptionWrapper">        English Leather Rockstar Eau de Fabric perfume 30ml              <div class="emptyClear"> </div> </div> </div> </div>,None,18:03:2014,None
B00FU872O4,English Leather Don Eau de Fabric Perfume  30ml,http://www.amazon.in/Fragrances/b/ref=sd_allcat_beauty_fragrance/276-6718833-1247838?ie=UTF8&node=1374298031,Rs. 85.00,Fragranc,Perfume,NEXT CARE INC,http://ecx.images-amazon.com/images/I/418LhcodT%2BL._AA160_.jpg,Rs. 85.00,self Colour,Beauty & Health,http://www.amazon.in/English-Leather-Fabric-Perfume-30ml/dp/B00FU872O4/ref=sr_1_8/275-4834488-1298866?s=beauty&ie=UTF8&qid=1395126965&sr=1-8,[<a class="buyAction" href="/gp/offer-listing/B00FU872O4/ref=dp_olp_0/275-4834488-1298866?ie=UTF8&amp;condition=all">these sellers</a>],Amazon.in: Buy English Leather Don Eau de Fabric Perfume  30ml Online at Best Price in India | Amazon Beauty Store,Buy English Leather Don Eau de Fabric Perfume  30ml at lowest price in India on Amazon.in. Check out English Leather Don Eau de Fabric Perfume  30ml reviews  ratings  features  specifications and browse more Beauty products online at best prices on Amazon.in.,None,<div class="bucket" id="productDescription"> <h2>Product Description</h2> <div class="content"> <h3 class="productDescriptionSource"></h3> <div class="productDescriptionWrapper">        English Leather Don Eau de Fabric perfume 30ml              <div class="emptyClear"> </div> </div> </div> </div>,None,18:03:2014,None
B00FXKDZPE,Next Care English Leather Oxford Eau de Fabric Perfume  30ml,http://www.amazon.in/Fragrances/b/ref=sd_allcat_beauty_fragrance/276-6718833-1247838?ie=UTF8&node=1374298031,Rs. 80.00,Fragranc,Perfume,NEXT CARE INC,http://ecx.images-amazon.com/images/I/418LhcodT%2BL._AA160_.jpg,Rs. 80.00,self Colour,Beauty & Health,http://www.amazon.in/English-Leather-Oxford-Fabric-Perfume/dp/B00FXKDZPE/ref=sr_1_12/275-4834488-1298866?s=beauty&ie=UTF8&qid=1395126965&sr=1-12,[<a class="buyAction" href="/gp/offer-listing/B00FXKDZPE/ref=dp_olp_0/275-4834488-1298866?ie=UTF8&amp;condition=all">these sellers</a>],Amazon.in: Buy Next Care English Leather Oxford Eau de Fabric Perfume  30ml Online at Best Price in India | Amazon Beauty Store,Buy Next Care English Leather Oxford Eau de Fabric Perfume  30ml at lowest price in India on Amazon.in. Check out Next Care English Leather Oxford Eau de Fabric Perfume  30ml reviews  ratings  features  specifications and browse more Beauty products online at best prices on Amazon.in.,None,<div class="bucket" id="productDescription"> <h2>Product Description</h2> <div class="content"> <h3 class="productDescriptionSource"></h3> <div class="productDescriptionWrapper">        English Leather Oxford Eau de Fabric perfume 30ml              <div class="emptyClear"> </div> </div> </div> </div>,None,18:03:2014,None
