B00IMY40P2,Addons Clutch (Pearl Metallic)   SS14CLBDECO001 BEIGE,http://www.amazon.in/Bags-Briefcases/b/ref=sd_allcat_lug_briefcases/276-6718833-1247838?ie=UTF8&node=2917431031,None,Bags & Briefcase,Handbags & Clutches,Addons,http://ecx.images-amazon.com/images/I/411AuM5lmEL._SL246_SX190_CR0 0 190 246_.jpg,None,self Colour,Handbags & Luggage,http://www.amazon.in/Addons-Clutch-Pearl-Metallic-SS14CLBDECO001/dp/B00IMY40P2/ref=sr_1_4/275-8441698-8645427?s=luggage&ie=UTF8&qid=1395127041&sr=1-4,[<a href="/gp/help/seller/at-a-glance.html/275-8441698-8645427?ie=UTF8&amp;isAmazonFulfilled=1&amp;seller=AN09AZJH263S3">Addons Fashion Accessories</a>  <a href="/gp/help/customer/display.html/275-8441698-8645427?ie=UTF8&amp;nodeId=200953360&amp;ref=dp_fulfillment" id="SSOFpopoverLink"><strong>Fulfilled by Amazon</strong></a>],Addons Clutch (Pearl Metallic) SS14CLBDECO001 BEIGE: Amazon.in: Luggage & Bags,Addons Clutch (Pearl Metallic) SS14CLBDECO001 BEIGE: Amazon.in: Luggage & Bags,None,<div class="bucket" id="productDescription"> <h2>Product Description</h2> <div class="content"> <h3 class="productDescriptionSource"></h3> <div class="productDescriptionWrapper">        A trio of metal detail  a faux-leather night-out clutch designed with edgy  modern design and a chic  fold-over silhouette.              <div class="emptyClear"> </div> </div> </div> </div>,<div align="left" class="bucket" id="techSpecSoftlinesWrap"><h2>Product Specifications </h2> <div class="content"> <div id="techSpecSoftlines"> <table cellspacing="0"> <tr> <th colspan="2"> </th> </tr> <tr> <td class="td1">Item Height</td> <td class="td2">                                             10 Centimeters                                         </td> </tr> <tr> <td class="td1">Item Length</td> <td class="td2">                                             10 Centimeters                                         </td> </tr> <tr> <td class="td1">Item Width</td> <td class="td2">                                             10 Centimeters                                         </td> </tr> <tr> <td class="td1">Item Weight</td> <td class="td2">                                             360 Grams                                         </td> </tr> <tr> <td class="td1">Material</td> <td class="td2">                                             Synthetic                                         </td> </tr> <tr> <td class="td1">Closure</td> <td class="td2">                                             Zip                                         </td> </tr> </table> </div> </div> </div>,18:03:2014,None
B00IMY3Y4A,Addons Handbag (Beige)   SS14BGRETRO003 BEIGE,http://www.amazon.in/Bags-Briefcases/b/ref=sd_allcat_lug_briefcases/276-6718833-1247838?ie=UTF8&node=2917431031,None,Bags & Briefcase,Handbags & Clutches,Addons,http://ecx.images-amazon.com/images/I/411AuM5lmEL._SL246_SX190_CR0 0 190 246_.jpg,None,self Colour,Handbags & Luggage,http://www.amazon.in/Addons-Handbag-Beige-SS14BGRETRO003-BEIGE/dp/B00IMY3Y4A/ref=sr_1_6/275-8441698-8645427?s=luggage&ie=UTF8&qid=1395127041&sr=1-6,[<a href="/gp/help/seller/at-a-glance.html/275-8441698-8645427?ie=UTF8&amp;isAmazonFulfilled=1&amp;seller=AN09AZJH263S3">Addons Fashion Accessories</a>  <a href="/gp/help/customer/display.html/275-8441698-8645427?ie=UTF8&amp;nodeId=200953360&amp;ref=dp_fulfillment" id="SSOFpopoverLink"><strong>Fulfilled by Amazon</strong></a>],Addons Handbag (Beige) SS14BGRETRO003 BEIGE: Amazon.in: Luggage & Bags,Addons Handbag (Beige) SS14BGRETRO003 BEIGE: Amazon.in: Luggage & Bags,None,<div class="bucket" id="productDescription"> <h2>Product Description</h2> <div class="content"> <h3 class="productDescriptionSource"></h3> <div class="productDescriptionWrapper">        The soft hues of this duffle makes it easy to style with everything from denim to tailoring. Accented with striped pattern and a detachable pouch  this clean-lined carryall is perfect for day wear.              <div class="emptyClear"> </div> </div> </div> </div>,<div align="left" class="bucket" id="techSpecSoftlinesWrap"><h2>Product Specifications </h2> <div class="content"> <div id="techSpecSoftlines"> <table cellspacing="0"> <tr> <th colspan="2"> </th> </tr> <tr> <td class="td1">Item Height</td> <td class="td2">                                             10 Centimeters                                         </td> </tr> <tr> <td class="td1">Item Length</td> <td class="td2">                                             10 Centimeters                                         </td> </tr> <tr> <td class="td1">Item Width</td> <td class="td2">                                             10 Centimeters                                         </td> </tr> <tr> <td class="td1">Item Weight</td> <td class="td2">                                             545 Grams                                         </td> </tr> <tr> <td class="td1">Material</td> <td class="td2">                                             Synthetic                                         </td> </tr> <tr> <td class="td1">Closure</td> <td class="td2">                                             Zip                                         </td> </tr> </table> </div> </div> </div>,18:03:2014,None
B00IMY3ZC6,Addons Clutch (Crm and Wht)   SS14CLBPERSN001 CRM,http://www.amazon.in/Bags-Briefcases/b/ref=sd_allcat_lug_briefcases/276-6718833-1247838?ie=UTF8&node=2917431031,None,Bags & Briefcase,Handbags & Clutches,Addons,http://ecx.images-amazon.com/images/I/411AuM5lmEL._SL246_SX190_CR0 0 190 246_.jpg,None,self Colour,Handbags & Luggage,http://www.amazon.in/Addons-Clutch-Crm-Wht-SS14CLBPERSN001/dp/B00IMY3ZC6/ref=sr_1_3/275-8441698-8645427?s=luggage&ie=UTF8&qid=1395127041&sr=1-3,[<a href="/gp/help/seller/at-a-glance.html/275-8441698-8645427?ie=UTF8&amp;isAmazonFulfilled=1&amp;seller=AN09AZJH263S3">Addons Fashion Accessories</a>  <a href="/gp/help/customer/display.html/275-8441698-8645427?ie=UTF8&amp;nodeId=200953360&amp;ref=dp_fulfillment" id="SSOFpopoverLink"><strong>Fulfilled by Amazon</strong></a>],Addons Clutch (Crm and Wht) SS14CLBPERSN001 CRM: Amazon.in: Luggage & Bags,Addons Clutch (Crm and Wht) SS14CLBPERSN001 CRM: Amazon.in: Luggage & Bags,None,<div class="bucket" id="productDescription"> <h2>Product Description</h2> <div class="content"> <h3 class="productDescriptionSource"></h3> <div class="productDescriptionWrapper">        Inspired by persian cut work this clutch is a must for the night dwellers to steal the party spot light. A great design with accent of gold adds up to the luxe look for the evening.              <div class="emptyClear"> </div> </div> </div> </div>,<div align="left" class="bucket" id="techSpecSoftlinesWrap"><h2>Product Specifications </h2> <div class="content"> <div id="techSpecSoftlines"> <table cellspacing="0"> <tr> <th colspan="2"> </th> </tr> <tr> <td class="td1">Item Height</td> <td class="td2">                                             10 Centimeters                                         </td> </tr> <tr> <td class="td1">Item Length</td> <td class="td2">                                             10 Centimeters                                         </td> </tr> <tr> <td class="td1">Item Width</td> <td class="td2">                                             10 Centimeters                                         </td> </tr> <tr> <td class="td1">Item Weight</td> <td class="td2">                                             300 Grams                                         </td> </tr> <tr> <td class="td1">Material</td> <td class="td2">                                             Synthetic                                         </td> </tr> <tr> <td class="td1">Closure</td> <td class="td2">                                             Buckle                                         </td> </tr> </table> </div> </div> </div>,18:03:2014,None
B00IMY49NA,Addons Handbag (Beige)   AW13BGRVT003 BEIGE,http://www.amazon.in/Bags-Briefcases/b/ref=sd_allcat_lug_briefcases/276-6718833-1247838?ie=UTF8&node=2917431031,None,Bags & Briefcase,Handbags & Clutches,Addons,http://ecx.images-amazon.com/images/I/411AuM5lmEL._SL246_SX190_CR0 0 190 246_.jpg,None,self Colour,Handbags & Luggage,http://www.amazon.in/Addons-Handbag-Beige-AW13BGRVT003-BEIGE/dp/B00IMY49NA/ref=sr_1_5/275-8441698-8645427?s=luggage&ie=UTF8&qid=1395127041&sr=1-5,[<a href="/gp/help/seller/at-a-glance.html/275-8441698-8645427?ie=UTF8&amp;isAmazonFulfilled=1&amp;seller=AN09AZJH263S3">Addons Fashion Accessories</a>  <a href="/gp/help/customer/display.html/275-8441698-8645427?ie=UTF8&amp;nodeId=200953360&amp;ref=dp_fulfillment" id="SSOFpopoverLink"><strong>Fulfilled by Amazon</strong></a>],Addons Handbag (Beige) AW13BGRVT003 BEIGE: Amazon.in: Luggage & Bags,Addons Handbag (Beige) AW13BGRVT003 BEIGE: Amazon.in: Luggage & Bags,None,<div class="bucket" id="productDescription"> <h2>Product Description</h2> <div class="content"> <h3 class="productDescriptionSource"></h3> <div class="productDescriptionWrapper">        Rivets studded Duffle Handbag with 2 compartments and 3 pockets              <div class="emptyClear"> </div> </div> </div> </div>,<div align="left" class="bucket" id="techSpecSoftlinesWrap"><h2>Product Specifications </h2> <div class="content"> <div id="techSpecSoftlines"> <table cellspacing="0"> <tr> <th colspan="2"> </th> </tr> <tr> <td class="td1">Item Height</td> <td class="td2">                                             10 Centimeters                                         </td> </tr> <tr> <td class="td1">Item Length</td> <td class="td2">                                             10 Centimeters                                         </td> </tr> <tr> <td class="td1">Item Width</td> <td class="td2">                                             10 Centimeters                                         </td> </tr> <tr> <td class="td1">Item Weight</td> <td class="td2">                                             520 Grams                                         </td> </tr> <tr> <td class="td1">Material</td> <td class="td2">                                             Synthetic                                         </td> </tr> <tr> <td class="td1">Closure</td> <td class="td2">                                             Zip                                         </td> </tr> </table> </div> </div> </div>,18:03:2014,None
B00IMY48HM,Addons Handbag (Black)   SS14BGPASTL001 BLK,http://www.amazon.in/Bags-Briefcases/b/ref=sd_allcat_lug_briefcases/276-6718833-1247838?ie=UTF8&node=2917431031,None,Bags & Briefcase,Handbags & Clutches,Addons,http://ecx.images-amazon.com/images/I/411AuM5lmEL._SL246_SX190_CR0 0 190 246_.jpg,None,self Colour,Handbags & Luggage,http://www.amazon.in/Addons-Handbag-Black-SS14BGPASTL001-BLK/dp/B00IMY48HM/ref=sr_1_7/275-8441698-8645427?s=luggage&ie=UTF8&qid=1395127041&sr=1-7,[<a href="/gp/help/seller/at-a-glance.html/275-8441698-8645427?ie=UTF8&amp;isAmazonFulfilled=1&amp;seller=AN09AZJH263S3">Addons Fashion Accessories</a>  <a href="/gp/help/customer/display.html/275-8441698-8645427?ie=UTF8&amp;nodeId=200953360&amp;ref=dp_fulfillment" id="SSOFpopoverLink"><strong>Fulfilled by Amazon</strong></a>],Addons Handbag (Black) SS14BGPASTL001 BLK: Amazon.in: Luggage & Bags,Addons Handbag (Black) SS14BGPASTL001 BLK: Amazon.in: Luggage & Bags,None,<div class="bucket" id="productDescription"> <h2>Product Description</h2> <div class="content"> <h3 class="productDescriptionSource"></h3> <div class="productDescriptionWrapper">        This small tote exudes sophistication  with the interesting texture we add element to the sleek  minimal design - make it your new everyday accessory.              <div class="emptyClear"> </div> </div> </div> </div>,<div align="left" class="bucket" id="techSpecSoftlinesWrap"><h2>Product Specifications </h2> <div class="content"> <div id="techSpecSoftlines"> <table cellspacing="0"> <tr> <th colspan="2"> </th> </tr> <tr> <td class="td1">Item Height</td> <td class="td2">                                             10 Centimeters                                         </td> </tr> <tr> <td class="td1">Item Length</td> <td class="td2">                                             10 Centimeters                                         </td> </tr> <tr> <td class="td1">Item Width</td> <td class="td2">                                             10 Centimeters                                         </td> </tr> <tr> <td class="td1">Item Weight</td> <td class="td2">                                             570 Grams                                         </td> </tr> <tr> <td class="td1">Material</td> <td class="td2">                                             Synthetic                                         </td> </tr> <tr> <td class="td1">Closure</td> <td class="td2">                                             Clasp                                         </td> </tr> </table> </div> </div> </div>,18:03:2014,None
B00IMY3S9G,Addons Handbag (Fushica)   SS14BGCOL003 FUS,http://www.amazon.in/Bags-Briefcases/b/ref=sd_allcat_lug_briefcases/276-6718833-1247838?ie=UTF8&node=2917431031,None,Bags & Briefcase,Handbags & Clutches,Addons,http://ecx.images-amazon.com/images/I/411AuM5lmEL._SL246_SX190_CR0 0 190 246_.jpg,None,self Colour,Handbags & Luggage,http://www.amazon.in/Addons-Handbag-Fushica-SS14BGCOL003-FUS/dp/B00IMY3S9G/ref=sr_1_9/275-8441698-8645427?s=luggage&ie=UTF8&qid=1395127041&sr=1-9,[<a href="/gp/help/seller/at-a-glance.html/275-8441698-8645427?ie=UTF8&amp;isAmazonFulfilled=1&amp;seller=AN09AZJH263S3">Addons Fashion Accessories</a>  <a href="/gp/help/customer/display.html/275-8441698-8645427?ie=UTF8&amp;nodeId=200953360&amp;ref=dp_fulfillment" id="SSOFpopoverLink"><strong>Fulfilled by Amazon</strong></a>],Addons Handbag (Fushica) SS14BGCOL003 FUS: Amazon.in: Luggage & Bags,Addons Handbag (Fushica) SS14BGCOL003 FUS: Amazon.in: Luggage & Bags,None,<div class="bucket" id="productDescription"> <h2>Product Description</h2> <div class="content"> <h3 class="productDescriptionSource"></h3> <div class="productDescriptionWrapper">        Duffle bags have sparked a fashion frenzy. This meticulously crafted style is luxuriously designed with luxe texture and can be worn over the shoulder.              <div class="emptyClear"> </div> </div> </div> </div>,<div align="left" class="bucket" id="techSpecSoftlinesWrap"><h2>Product Specifications </h2> <div class="content"> <div id="techSpecSoftlines"> <table cellspacing="0"> <tr> <th colspan="2"> </th> </tr> <tr> <td class="td1">Item Height</td> <td class="td2">                                             10 Centimeters                                         </td> </tr> <tr> <td class="td1">Item Length</td> <td class="td2">                                             10 Centimeters                                         </td> </tr> <tr> <td class="td1">Item Width</td> <td class="td2">                                             10 Centimeters                                         </td> </tr> <tr> <td class="td1">Item Weight</td> <td class="td2">                                             720 Grams                                         </td> </tr> <tr> <td class="td1">Material</td> <td class="td2">                                             Synthetic                                         </td> </tr> <tr> <td class="td1">Closure</td> <td class="td2">                                             Zip                                         </td> </tr> </table> </div> </div> </div>,18:03:2014,None
B00IMY400W,Addons Clutch (Black )   SS14CLBDECO001 BLK,http://www.amazon.in/Bags-Briefcases/b/ref=sd_allcat_lug_briefcases/276-6718833-1247838?ie=UTF8&node=2917431031,None,Bags & Briefcase,Handbags & Clutches,Addons,http://ecx.images-amazon.com/images/I/411AuM5lmEL._SL246_SX190_CR0 0 190 246_.jpg,None,self Colour,Handbags & Luggage,http://www.amazon.in/Addons-Clutch-Black-SS14CLBDECO001-BLK/dp/B00IMY400W/ref=sr_1_1/275-8441698-8645427?s=luggage&ie=UTF8&qid=1395127041&sr=1-1,[<a href="/gp/help/seller/at-a-glance.html/275-8441698-8645427?ie=UTF8&amp;isAmazonFulfilled=1&amp;seller=AN09AZJH263S3">Addons Fashion Accessories</a>  <a href="/gp/help/customer/display.html/275-8441698-8645427?ie=UTF8&amp;nodeId=200953360&amp;ref=dp_fulfillment" id="SSOFpopoverLink"><strong>Fulfilled by Amazon</strong></a>],Addons Clutch (Black ) SS14CLBDECO001 BLK: Amazon.in: Luggage & Bags,Addons Clutch (Black ) SS14CLBDECO001 BLK: Amazon.in: Luggage & Bags,None,<div class="bucket" id="productDescription"> <h2>Product Description</h2> <div class="content"> <h3 class="productDescriptionSource"></h3> <div class="productDescriptionWrapper">        A trio of metal detail  a faux-leather night-out clutch designed with edgy  modern design and a chic  fold-over silhouette.              <div class="emptyClear"> </div> </div> </div> </div>,<div align="left" class="bucket" id="techSpecSoftlinesWrap"><h2>Product Specifications </h2> <div class="content"> <div id="techSpecSoftlines"> <table cellspacing="0"> <tr> <th colspan="2"> </th> </tr> <tr> <td class="td1">Item Height</td> <td class="td2">                                             10 Centimeters                                         </td> </tr> <tr> <td class="td1">Item Length</td> <td class="td2">                                             10 Centimeters                                         </td> </tr> <tr> <td class="td1">Item Width</td> <td class="td2">                                             10 Centimeters                                         </td> </tr> <tr> <td class="td1">Item Weight</td> <td class="td2">                                             360 Grams                                         </td> </tr> <tr> <td class="td1">Material</td> <td class="td2">                                             Synthetic                                         </td> </tr> <tr> <td class="td1">Closure</td> <td class="td2">                                             Zip                                         </td> </tr> </table> </div> </div> </div>,18:03:2014,None
B00IMY3U4O,Addons Handbag (Maroon)   SS14BGGEN002 MRN,http://www.amazon.in/Bags-Briefcases/b/ref=sd_allcat_lug_briefcases/276-6718833-1247838?ie=UTF8&node=2917431031,None,Bags & Briefcase,Handbags & Clutches,Addons,http://ecx.images-amazon.com/images/I/411AuM5lmEL._SL246_SX190_CR0 0 190 246_.jpg,None,self Colour,Handbags & Luggage,http://www.amazon.in/Addons-Handbag-Maroon-SS14BGGEN002-MRN/dp/B00IMY3U4O/ref=sr_1_11/275-8441698-8645427?s=luggage&ie=UTF8&qid=1395127041&sr=1-11,[<a href="/gp/help/seller/at-a-glance.html/275-8441698-8645427?ie=UTF8&amp;isAmazonFulfilled=1&amp;seller=AN09AZJH263S3">Addons Fashion Accessories</a>  <a href="/gp/help/customer/display.html/275-8441698-8645427?ie=UTF8&amp;nodeId=200953360&amp;ref=dp_fulfillment" id="SSOFpopoverLink"><strong>Fulfilled by Amazon</strong></a>],Addons Handbag (Maroon) SS14BGGEN002 MRN: Amazon.in: Luggage & Bags,Addons Handbag (Maroon) SS14BGGEN002 MRN: Amazon.in: Luggage & Bags,None,<div class="bucket" id="productDescription"> <h2>Product Description</h2> <div class="content"> <h3 class="productDescriptionSource"></h3> <div class="productDescriptionWrapper">        This cult classic is a smaller silhouette that's just the right size for carrying your tablet and touch-up essentials. This sturdy duffle comes with a detachable strap - slip it over your shoulder against a sweater and tailored shorts.              <div class="emptyClear"> </div> </div> </div> </div>,<div align="left" class="bucket" id="techSpecSoftlinesWrap"><h2>Product Specifications </h2> <div class="content"> <div id="techSpecSoftlines"> <table cellspacing="0"> <tr> <th colspan="2"> </th> </tr> <tr> <td class="td1">Item Height</td> <td class="td2">                                             10 Centimeters                                         </td> </tr> <tr> <td class="td1">Item Length</td> <td class="td2">                                             10 Centimeters                                         </td> </tr> <tr> <td class="td1">Item Width</td> <td class="td2">                                             10 Centimeters                                         </td> </tr> <tr> <td class="td1">Item Weight</td> <td class="td2">                                             640 Grams                                         </td> </tr> <tr> <td class="td1">Material</td> <td class="td2">                                             Synthetic                                         </td> </tr> <tr> <td class="td1">Closure</td> <td class="td2">                                             Twist Lock                                         </td> </tr> </table> </div> </div> </div>,18:03:2014,None
B00IMY3W0G,Addons Handbag (Maroon)   SS14BGCOL002 MRN,http://www.amazon.in/Bags-Briefcases/b/ref=sd_allcat_lug_briefcases/276-6718833-1247838?ie=UTF8&node=2917431031,None,Bags & Briefcase,Handbags & Clutches,Addons,http://ecx.images-amazon.com/images/I/411AuM5lmEL._SL246_SX190_CR0 0 190 246_.jpg,None,self Colour,Handbags & Luggage,http://www.amazon.in/Addons-Handbag-Maroon-SS14BGCOL002-MRN/dp/B00IMY3W0G/ref=sr_1_10/275-8441698-8645427?s=luggage&ie=UTF8&qid=1395127041&sr=1-10,[<a href="/gp/help/seller/at-a-glance.html/275-8441698-8645427?ie=UTF8&amp;isAmazonFulfilled=1&amp;seller=AN09AZJH263S3">Addons Fashion Accessories</a>  <a href="/gp/help/customer/display.html/275-8441698-8645427?ie=UTF8&amp;nodeId=200953360&amp;ref=dp_fulfillment" id="SSOFpopoverLink"><strong>Fulfilled by Amazon</strong></a>],Addons Handbag (Maroon) SS14BGCOL002 MRN: Amazon.in: Luggage & Bags,Addons Handbag (Maroon) SS14BGCOL002 MRN: Amazon.in: Luggage & Bags,None,<div class="bucket" id="productDescription"> <h2>Product Description</h2> <div class="content"> <h3 class="productDescriptionSource"></h3> <div class="productDescriptionWrapper">        Mini duffle is small but extremely functional. It boasts handy external pockets and beautiful colors makes it a cinch. Carry yours against a pastel top and tailored shorts.              <div class="emptyClear"> </div> </div> </div> </div>,<div align="left" class="bucket" id="techSpecSoftlinesWrap"><h2>Product Specifications </h2> <div class="content"> <div id="techSpecSoftlines"> <table cellspacing="0"> <tr> <th colspan="2"> </th> </tr> <tr> <td class="td1">Item Height</td> <td class="td2">                                             10 Centimeters                                         </td> </tr> <tr> <td class="td1">Item Length</td> <td class="td2">                                             10 Centimeters                                         </td> </tr> <tr> <td class="td1">Item Width</td> <td class="td2">                                             10 Centimeters                                         </td> </tr> <tr> <td class="td1">Item Weight</td> <td class="td2">                                             620 Grams                                         </td> </tr> <tr> <td class="td1">Material</td> <td class="td2">                                             Synthetic                                         </td> </tr> <tr> <td class="td1">Closure</td> <td class="td2">                                             Zip                                         </td> </tr> </table> </div> </div> </div>,18:03:2014,None
B00IMY42Y6,Addons Handbag (Navy)   SS14BGCOM004 NAVY,http://www.amazon.in/Bags-Briefcases/b/ref=sd_allcat_lug_briefcases/276-6718833-1247838?ie=UTF8&node=2917431031,None,Bags & Briefcase,Handbags & Clutches,Addons,http://ecx.images-amazon.com/images/I/411AuM5lmEL._SL246_SX190_CR0 0 190 246_.jpg,None,self Colour,Handbags & Luggage,http://www.amazon.in/Addons-Handbag-Navy-SS14BGCOM004-NAVY/dp/B00IMY42Y6/ref=sr_1_14/275-8441698-8645427?s=luggage&ie=UTF8&qid=1395127041&sr=1-14,[<a href="/gp/help/seller/at-a-glance.html/275-8441698-8645427?ie=UTF8&amp;isAmazonFulfilled=1&amp;seller=AN09AZJH263S3">Addons Fashion Accessories</a>  <a href="/gp/help/customer/display.html/275-8441698-8645427?ie=UTF8&amp;nodeId=200953360&amp;ref=dp_fulfillment" id="SSOFpopoverLink"><strong>Fulfilled by Amazon</strong></a>],Addons Handbag (Navy) SS14BGCOM004 NAVY: Amazon.in: Luggage & Bags,Addons Handbag (Navy) SS14BGCOM004 NAVY: Amazon.in: Luggage & Bags,None,<div class="bucket" id="productDescription"> <h2>Product Description</h2> <div class="content"> <h3 class="productDescriptionSource"></h3> <div class="productDescriptionWrapper">        Bowling bag is inspired by vintage luggage and the natural colors of the British countryside. This compact carryall has two straps for versatility              <div class="emptyClear"> </div> </div> </div> </div>,<div align="left" class="bucket" id="techSpecSoftlinesWrap"><h2>Product Specifications </h2> <div class="content"> <div id="techSpecSoftlines"> <table cellspacing="0"> <tr> <th colspan="2"> </th> </tr> <tr> <td class="td1">Item Height</td> <td class="td2">                                             10 Centimeters                                         </td> </tr> <tr> <td class="td1">Item Length</td> <td class="td2">                                             10 Centimeters                                         </td> </tr> <tr> <td class="td1">Item Width</td> <td class="td2">                                             10 Centimeters                                         </td> </tr> <tr> <td class="td1">Item Weight</td> <td class="td2">                                             560 Grams                                         </td> </tr> <tr> <td class="td1">Material</td> <td class="td2">                                             Synthetic                                         </td> </tr> <tr> <td class="td1">Closure</td> <td class="td2">                                             Zip                                         </td> </tr> </table> </div> </div> </div>,18:03:2014,None
B00IMY3WK6,Addons Handbag (Off white)   SS14BGCOL002 OFF-WHT,http://www.amazon.in/Bags-Briefcases/b/ref=sd_allcat_lug_briefcases/276-6718833-1247838?ie=UTF8&node=2917431031,None,Bags & Briefcase,Handbags & Clutches,Addons,http://ecx.images-amazon.com/images/I/411AuM5lmEL._SL246_SX190_CR0 0 190 246_.jpg,None,self Colour,Handbags & Luggage,http://www.amazon.in/Addons-Handbag-white-SS14BGCOL002-OFF-WHT/dp/B00IMY3WK6/ref=sr_1_15/275-8441698-8645427?s=luggage&ie=UTF8&qid=1395127041&sr=1-15,[<a href="/gp/help/seller/at-a-glance.html/275-8441698-8645427?ie=UTF8&amp;isAmazonFulfilled=1&amp;seller=AN09AZJH263S3">Addons Fashion Accessories</a>  <a href="/gp/help/customer/display.html/275-8441698-8645427?ie=UTF8&amp;nodeId=200953360&amp;ref=dp_fulfillment" id="SSOFpopoverLink"><strong>Fulfilled by Amazon</strong></a>],Addons Handbag (Off white) SS14BGCOL002 OFF-WHT: Amazon.in: Luggage & Bags,Addons Handbag (Off white) SS14BGCOL002 OFF-WHT: Amazon.in: Luggage & Bags,None,<div class="bucket" id="productDescription"> <h2>Product Description</h2> <div class="content"> <h3 class="productDescriptionSource"></h3> <div class="productDescriptionWrapper">        Mini duffle is small but extremely functional. It boasts handy external pockets and beautiful colors makes it a cinch. Carry yours against a pastel top and tailored shorts.              <div class="emptyClear"> </div> </div> </div> </div>,<div align="left" class="bucket" id="techSpecSoftlinesWrap"><h2>Product Specifications </h2> <div class="content"> <div id="techSpecSoftlines"> <table cellspacing="0"> <tr> <th colspan="2"> </th> </tr> <tr> <td class="td1">Item Height</td> <td class="td2">                                             10 Centimeters                                         </td> </tr> <tr> <td class="td1">Item Length</td> <td class="td2">                                             10 Centimeters                                         </td> </tr> <tr> <td class="td1">Item Width</td> <td class="td2">                                             10 Centimeters                                         </td> </tr> <tr> <td class="td1">Item Weight</td> <td class="td2">                                             620 Grams                                         </td> </tr> <tr> <td class="td1">Material</td> <td class="td2">                                             Synthetic                                         </td> </tr> <tr> <td class="td1">Closure</td> <td class="td2">                                             Zip                                         </td> </tr> </table> </div> </div> </div>,18:03:2014,None
B00IMY3XB4,Addons Handbag (Mustard Yellow)   SS14BGRETRO003 MUST YLW,http://www.amazon.in/Bags-Briefcases/b/ref=sd_allcat_lug_briefcases/276-6718833-1247838?ie=UTF8&node=2917431031,None,Bags & Briefcase,Handbags & Clutches,Addons,http://ecx.images-amazon.com/images/I/411AuM5lmEL._SL246_SX190_CR0 0 190 246_.jpg,None,self Colour,Handbags & Luggage,http://www.amazon.in/Addons-Handbag-Mustard-Yellow-SS14BGRETRO003/dp/B00IMY3XB4/ref=sr_1_13/275-8441698-8645427?s=luggage&ie=UTF8&qid=1395127041&sr=1-13,[<a href="/gp/help/seller/at-a-glance.html/275-8441698-8645427?ie=UTF8&amp;isAmazonFulfilled=1&amp;seller=AN09AZJH263S3">Addons Fashion Accessories</a>  <a href="/gp/help/customer/display.html/275-8441698-8645427?ie=UTF8&amp;nodeId=200953360&amp;ref=dp_fulfillment" id="SSOFpopoverLink"><strong>Fulfilled by Amazon</strong></a>],Addons Handbag (Mustard Yellow) SS14BGRETRO003 MUST YLW: Amazon.in: Luggage & Bags,Addons Handbag (Mustard Yellow) SS14BGRETRO003 MUST YLW: Amazon.in: Luggage & Bags,None,<div class="bucket" id="productDescription"> <h2>Product Description</h2> <div class="content"> <h3 class="productDescriptionSource"></h3> <div class="productDescriptionWrapper">        The soft hues of this duffle makes it easy to style with everything from denim to tailoring. Accented with striped pattern and a detachable pouch  this clean-lined carryall is perfect for day wear.              <div class="emptyClear"> </div> </div> </div> </div>,<div align="left" class="bucket" id="techSpecSoftlinesWrap"><h2>Product Specifications </h2> <div class="content"> <div id="techSpecSoftlines"> <table cellspacing="0"> <tr> <th colspan="2"> </th> </tr> <tr> <td class="td1">Item Height</td> <td class="td2">                                             10 Centimeters                                         </td> </tr> <tr> <td class="td1">Item Length</td> <td class="td2">                                             10 Centimeters                                         </td> </tr> <tr> <td class="td1">Item Width</td> <td class="td2">                                             10 Centimeters                                         </td> </tr> <tr> <td class="td1">Item Weight</td> <td class="td2">                                             545 Grams                                         </td> </tr> <tr> <td class="td1">Material</td> <td class="td2">                                             Synthetic                                         </td> </tr> <tr> <td class="td1">Closure</td> <td class="td2">                                             Zip                                         </td> </tr> </table> </div> </div> </div>,18:03:2014,None
B00IMY423W,Addons Handbag (Off White)   SS14BGCOM004 OFF WHT,http://www.amazon.in/Bags-Briefcases/b/ref=sd_allcat_lug_briefcases/276-6718833-1247838?ie=UTF8&node=2917431031,None,Bags & Briefcase,Handbags & Clutches,Addons,http://ecx.images-amazon.com/images/I/411AuM5lmEL._SL246_SX190_CR0 0 190 246_.jpg,None,self Colour,Handbags & Luggage,http://www.amazon.in/Addons-Handbag-Off-White-SS14BGCOM004/dp/B00IMY423W/ref=sr_1_16/275-8441698-8645427?s=luggage&ie=UTF8&qid=1395127041&sr=1-16,[<a href="/gp/help/seller/at-a-glance.html/275-8441698-8645427?ie=UTF8&amp;isAmazonFulfilled=1&amp;seller=AN09AZJH263S3">Addons Fashion Accessories</a>  <a href="/gp/help/customer/display.html/275-8441698-8645427?ie=UTF8&amp;nodeId=200953360&amp;ref=dp_fulfillment" id="SSOFpopoverLink"><strong>Fulfilled by Amazon</strong></a>],Addons Handbag (Off White) SS14BGCOM004 OFF WHT: Amazon.in: Luggage & Bags,Addons Handbag (Off White) SS14BGCOM004 OFF WHT: Amazon.in: Luggage & Bags,None,<div class="bucket" id="productDescription"> <h2>Product Description</h2> <div class="content"> <h3 class="productDescriptionSource"></h3> <div class="productDescriptionWrapper">        Bowling bag is inspired by vintage luggage and the natural colors of the British countryside. This compact carryall has two straps for versatility              <div class="emptyClear"> </div> </div> </div> </div>,<div align="left" class="bucket" id="techSpecSoftlinesWrap"><h2>Product Specifications </h2> <div class="content"> <div id="techSpecSoftlines"> <table cellspacing="0"> <tr> <th colspan="2"> </th> </tr> <tr> <td class="td1">Item Height</td> <td class="td2">                                             10 Centimeters                                         </td> </tr> <tr> <td class="td1">Item Length</td> <td class="td2">                                             10 Centimeters                                         </td> </tr> <tr> <td class="td1">Item Width</td> <td class="td2">                                             10 Centimeters                                         </td> </tr> <tr> <td class="td1">Item Weight</td> <td class="td2">                                             560 Grams                                         </td> </tr> <tr> <td class="td1">Material</td> <td class="td2">                                             Synthetic                                         </td> </tr> <tr> <td class="td1">Closure</td> <td class="td2">                                             Zip                                         </td> </tr> </table> </div> </div> </div>,18:03:2014,None
B00IMY417Y,Addons Handbag (Mustard Yellow)   SS14BGCOM004 MUST YLW,http://www.amazon.in/Bags-Briefcases/b/ref=sd_allcat_lug_briefcases/276-6718833-1247838?ie=UTF8&node=2917431031,None,Bags & Briefcase,Handbags & Clutches,Addons,http://ecx.images-amazon.com/images/I/411AuM5lmEL._SL246_SX190_CR0 0 190 246_.jpg,None,self Colour,Handbags & Luggage,http://www.amazon.in/Addons-Handbag-Mustard-Yellow-SS14BGCOM004/dp/B00IMY417Y/ref=sr_1_12/275-8441698-8645427?s=luggage&ie=UTF8&qid=1395127041&sr=1-12,[<a href="/gp/help/seller/at-a-glance.html/275-8441698-8645427?ie=UTF8&amp;isAmazonFulfilled=1&amp;seller=AN09AZJH263S3">Addons Fashion Accessories</a>  <a href="/gp/help/customer/display.html/275-8441698-8645427?ie=UTF8&amp;nodeId=200953360&amp;ref=dp_fulfillment" id="SSOFpopoverLink"><strong>Fulfilled by Amazon</strong></a>],Addons Handbag (Mustard Yellow) SS14BGCOM004 MUST YLW: Amazon.in: Luggage & Bags,Addons Handbag (Mustard Yellow) SS14BGCOM004 MUST YLW: Amazon.in: Luggage & Bags,None,<div class="bucket" id="productDescription"> <h2>Product Description</h2> <div class="content"> <h3 class="productDescriptionSource"></h3> <div class="productDescriptionWrapper">        Bowling bag is inspired by vintage luggage and the natural colors of the British countryside. This compact carryall has two straps for versatility.              <div class="emptyClear"> </div> </div> </div> </div>,<div align="left" class="bucket" id="techSpecSoftlinesWrap"><h2>Product Specifications </h2> <div class="content"> <div id="techSpecSoftlines"> <table cellspacing="0"> <tr> <th colspan="2"> </th> </tr> <tr> <td class="td1">Item Height</td> <td class="td2">                                             10 Centimeters                                         </td> </tr> <tr> <td class="td1">Item Length</td> <td class="td2">                                             10 Centimeters                                         </td> </tr> <tr> <td class="td1">Item Width</td> <td class="td2">                                             10 Centimeters                                         </td> </tr> <tr> <td class="td1">Item Weight</td> <td class="td2">                                             560 Grams                                         </td> </tr> <tr> <td class="td1">Material</td> <td class="td2">                                             Synthetic                                         </td> </tr> <tr> <td class="td1">Closure</td> <td class="td2">                                             Zip                                         </td> </tr> </table> </div> </div> </div>,18:03:2014,None
B00IMY47S2,Addons Handbag (Pink)   SS14BGPASTL001 LT. PNK,http://www.amazon.in/Bags-Briefcases/b/ref=sd_allcat_lug_briefcases/276-6718833-1247838?ie=UTF8&node=2917431031,None,Bags & Briefcase,Handbags & Clutches,Addons,http://ecx.images-amazon.com/images/I/411AuM5lmEL._SL246_SX190_CR0 0 190 246_.jpg,None,self Colour,Handbags & Luggage,http://www.amazon.in/Addons-Handbag-Pink-SS14BGPASTL001-LT/dp/B00IMY47S2/ref=sr_1_18/275-8441698-8645427?s=luggage&ie=UTF8&qid=1395127041&sr=1-18,[<a href="/gp/help/seller/at-a-glance.html/275-8441698-8645427?ie=UTF8&amp;isAmazonFulfilled=1&amp;seller=AN09AZJH263S3">Addons Fashion Accessories</a>  <a href="/gp/help/customer/display.html/275-8441698-8645427?ie=UTF8&amp;nodeId=200953360&amp;ref=dp_fulfillment" id="SSOFpopoverLink"><strong>Fulfilled by Amazon</strong></a>],Addons Handbag (Pink) SS14BGPASTL001 LT. PNK: Amazon.in: Luggage & Bags,Addons Handbag (Pink) SS14BGPASTL001 LT. PNK: Amazon.in: Luggage & Bags,None,<div class="bucket" id="productDescription"> <h2>Product Description</h2> <div class="content"> <h3 class="productDescriptionSource"></h3> <div class="productDescriptionWrapper">        This small tote exudes sophistication  with the interesting texture we add element to the sleek  minimal design - make it your new everyday accessory.              <div class="emptyClear"> </div> </div> </div> </div>,<div align="left" class="bucket" id="techSpecSoftlinesWrap"><h2>Product Specifications </h2> <div class="content"> <div id="techSpecSoftlines"> <table cellspacing="0"> <tr> <th colspan="2"> </th> </tr> <tr> <td class="td1">Item Height</td> <td class="td2">                                             10 Centimeters                                         </td> </tr> <tr> <td class="td1">Item Length</td> <td class="td2">                                             10 Centimeters                                         </td> </tr> <tr> <td class="td1">Item Width</td> <td class="td2">                                             10 Centimeters                                         </td> </tr> <tr> <td class="td1">Item Weight</td> <td class="td2">                                             570 Grams                                         </td> </tr> <tr> <td class="td1">Material</td> <td class="td2">                                             Synthetic                                         </td> </tr> <tr> <td class="td1">Closure</td> <td class="td2">                                             Clasp                                         </td> </tr> </table> </div> </div> </div>,18:03:2014,None
B00IMY3YRW,Addons Clutch (Black and Gld)   SS14CLBPERSN001 BLK,http://www.amazon.in/Bags-Briefcases/b/ref=sd_allcat_lug_briefcases/276-6718833-1247838?ie=UTF8&node=2917431031,None,Bags & Briefcase,Handbags & Clutches,Addons,http://ecx.images-amazon.com/images/I/411AuM5lmEL._SL246_SX190_CR0 0 190 246_.jpg,None,self Colour,Handbags & Luggage,http://www.amazon.in/Addons-Clutch-Black-Gld-SS14CLBPERSN001/dp/B00IMY3YRW/ref=sr_1_2/275-8441698-8645427?s=luggage&ie=UTF8&qid=1395127041&sr=1-2,[<a href="/gp/help/seller/at-a-glance.html/275-8441698-8645427?ie=UTF8&amp;isAmazonFulfilled=1&amp;seller=AN09AZJH263S3">Addons Fashion Accessories</a>  <a href="/gp/help/customer/display.html/275-8441698-8645427?ie=UTF8&amp;nodeId=200953360&amp;ref=dp_fulfillment" id="SSOFpopoverLink"><strong>Fulfilled by Amazon</strong></a>],Addons Clutch (Black and Gld) SS14CLBPERSN001 BLK: Amazon.in: Luggage & Bags,Addons Clutch (Black and Gld) SS14CLBPERSN001 BLK: Amazon.in: Luggage & Bags,None,<div class="bucket" id="productDescription"> <h2>Product Description</h2> <div class="content"> <h3 class="productDescriptionSource"></h3> <div class="productDescriptionWrapper">        Inspired by persian cut work this clutch is a must for the night dwellers to steal the party spot light. A great design with accent of gold adds up to the luxe look for the evening.              <div class="emptyClear"> </div> </div> </div> </div>,<div align="left" class="bucket" id="techSpecSoftlinesWrap"><h2>Product Specifications </h2> <div class="content"> <div id="techSpecSoftlines"> <table cellspacing="0"> <tr> <th colspan="2"> </th> </tr> <tr> <td class="td1">Item Height</td> <td class="td2">                                             10 Centimeters                                         </td> </tr> <tr> <td class="td1">Item Length</td> <td class="td2">                                             10 Centimeters                                         </td> </tr> <tr> <td class="td1">Item Width</td> <td class="td2">                                             10 Centimeters                                         </td> </tr> <tr> <td class="td1">Item Weight</td> <td class="td2">                                             300 Grams                                         </td> </tr> <tr> <td class="td1">Material</td> <td class="td2">                                             Synthetic                                         </td> </tr> <tr> <td class="td1">Closure</td> <td class="td2">                                             Buckle                                         </td> </tr> </table> </div> </div> </div>,18:03:2014,None
B00IMY3SUU,Addons Handbag (Yellow)   SS14BGCOL003 YLW,http://www.amazon.in/Bags-Briefcases/b/ref=sd_allcat_lug_briefcases/276-6718833-1247838?ie=UTF8&node=2917431031,None,Bags & Briefcase,Handbags & Clutches,Addons,http://ecx.images-amazon.com/images/I/411AuM5lmEL._SL246_SX190_CR0 0 190 246_.jpg,None,self Colour,Handbags & Luggage,http://www.amazon.in/Addons-Handbag-Yellow-SS14BGCOL003-YLW/dp/B00IMY3SUU/ref=sr_1_21/275-8441698-8645427?s=luggage&ie=UTF8&qid=1395127041&sr=1-21,[<a href="/gp/help/seller/at-a-glance.html/275-8441698-8645427?ie=UTF8&amp;isAmazonFulfilled=1&amp;seller=AN09AZJH263S3">Addons Fashion Accessories</a>  <a href="/gp/help/customer/display.html/275-8441698-8645427?ie=UTF8&amp;nodeId=200953360&amp;ref=dp_fulfillment" id="SSOFpopoverLink"><strong>Fulfilled by Amazon</strong></a>],Addons Handbag (Yellow) SS14BGCOL003 YLW: Amazon.in: Luggage & Bags,Addons Handbag (Yellow) SS14BGCOL003 YLW: Amazon.in: Luggage & Bags,None,<div class="bucket" id="productDescription"> <h2>Product Description</h2> <div class="content"> <h3 class="productDescriptionSource"></h3> <div class="productDescriptionWrapper">        Duffle bags have sparked a fashion frenzy. This meticulously crafted style is luxuriously designed with luxe texture and can be worn over the shoulder.              <div class="emptyClear"> </div> </div> </div> </div>,<div align="left" class="bucket" id="techSpecSoftlinesWrap"><h2>Product Specifications </h2> <div class="content"> <div id="techSpecSoftlines"> <table cellspacing="0"> <tr> <th colspan="2"> </th> </tr> <tr> <td class="td1">Item Height</td> <td class="td2">                                             10 Centimeters                                         </td> </tr> <tr> <td class="td1">Item Length</td> <td class="td2">                                             10 Centimeters                                         </td> </tr> <tr> <td class="td1">Item Width</td> <td class="td2">                                             10 Centimeters                                         </td> </tr> <tr> <td class="td1">Item Weight</td> <td class="td2">                                             720 Grams                                         </td> </tr> <tr> <td class="td1">Material</td> <td class="td2">                                             Synthetic                                         </td> </tr> <tr> <td class="td1">Closure</td> <td class="td2">                                             Zip                                         </td> </tr> </table> </div> </div> </div>,18:03:2014,None
B00IMY44E4,Addons Shoulder Bag (Beige)   SS14BGPGEN001 BEIGE,http://www.amazon.in/Bags-Briefcases/b/ref=sd_allcat_lug_briefcases/276-6718833-1247838?ie=UTF8&node=2917431031,None,Bags & Briefcase,Handbags & Clutches,Addons,http://ecx.images-amazon.com/images/I/411AuM5lmEL._SL246_SX190_CR0 0 190 246_.jpg,None,self Colour,Handbags & Luggage,http://www.amazon.in/Addons-Shoulder-Beige-SS14BGPGEN001-BEIGE/dp/B00IMY44E4/ref=sr_1_22/275-8441698-8645427?s=luggage&ie=UTF8&qid=1395127041&sr=1-22,[<a href="/gp/help/seller/at-a-glance.html/275-8441698-8645427?ie=UTF8&amp;isAmazonFulfilled=1&amp;seller=AN09AZJH263S3">Addons Fashion Accessories</a>  <a href="/gp/help/customer/display.html/275-8441698-8645427?ie=UTF8&amp;nodeId=200953360&amp;ref=dp_fulfillment" id="SSOFpopoverLink"><strong>Fulfilled by Amazon</strong></a>],Addons Shoulder Bag (Beige) SS14BGPGEN001 BEIGE: Amazon.in: Luggage & Bags,Addons Shoulder Bag (Beige) SS14BGPGEN001 BEIGE: Amazon.in: Luggage & Bags,None,<div class="bucket" id="productDescription"> <h2>Product Description</h2> <div class="content"> <h3 class="productDescriptionSource"></h3> <div class="productDescriptionWrapper">        A luxe backpack is this season's must-have bag. The elevated take on the look is expertly constructed from smooth beige PU. The roomy compartment can easily hold your tablet  wallet and other essentials.              <div class="emptyClear"> </div> </div> </div> </div>,<div align="left" class="bucket" id="techSpecSoftlinesWrap"><h2>Product Specifications </h2> <div class="content"> <div id="techSpecSoftlines"> <table cellspacing="0"> <tr> <th colspan="2"> </th> </tr> <tr> <td class="td1">Item Height</td> <td class="td2">                                             10 Centimeters                                         </td> </tr> <tr> <td class="td1">Item Length</td> <td class="td2">                                             10 Centimeters                                         </td> </tr> <tr> <td class="td1">Item Width</td> <td class="td2">                                             10 Centimeters                                         </td> </tr> <tr> <td class="td1">Item Weight</td> <td class="td2">                                             1000 Grams                                         </td> </tr> <tr> <td class="td1">Material</td> <td class="td2">                                             Synthetic                                         </td> </tr> <tr> <td class="td1">Closure</td> <td class="td2">                                             Zip                                         </td> </tr> </table> </div> </div> </div>,18:03:2014,None
B00IMY3UPI,Addons Handbag (Purple)   SS14BGGEN003 PUR,http://www.amazon.in/Bags-Briefcases/b/ref=sd_allcat_lug_briefcases/276-6718833-1247838?ie=UTF8&node=2917431031,None,Bags & Briefcase,Handbags & Clutches,Addons,http://ecx.images-amazon.com/images/I/411AuM5lmEL._SL246_SX190_CR0 0 190 246_.jpg,None,self Colour,Handbags & Luggage,http://www.amazon.in/Addons-Handbag-Purple-SS14BGGEN003-PUR/dp/B00IMY3UPI/ref=sr_1_19/275-8441698-8645427?s=luggage&ie=UTF8&qid=1395127041&sr=1-19,[<a href="/gp/help/seller/at-a-glance.html/275-8441698-8645427?ie=UTF8&amp;isAmazonFulfilled=1&amp;seller=AN09AZJH263S3">Addons Fashion Accessories</a>  <a href="/gp/help/customer/display.html/275-8441698-8645427?ie=UTF8&amp;nodeId=200953360&amp;ref=dp_fulfillment" id="SSOFpopoverLink"><strong>Fulfilled by Amazon</strong></a>],Addons Handbag (Purple) SS14BGGEN003 PUR: Amazon.in: Luggage & Bags,Addons Handbag (Purple) SS14BGGEN003 PUR: Amazon.in: Luggage & Bags,None,<div class="bucket" id="productDescription"> <h2>Product Description</h2> <div class="content"> <h3 class="productDescriptionSource"></h3> <div class="productDescriptionWrapper">        Classic textured duffle is timelessly classic and versatile. The surprisingly spacious interior and with a look of luxe makes it perfect for your daily commute.              <div class="emptyClear"> </div> </div> </div> </div>,<div align="left" class="bucket" id="techSpecSoftlinesWrap"><h2>Product Specifications </h2> <div class="content"> <div id="techSpecSoftlines"> <table cellspacing="0"> <tr> <th colspan="2"> </th> </tr> <tr> <td class="td1">Item Height</td> <td class="td2">                                             10 Centimeters                                         </td> </tr> <tr> <td class="td1">Item Length</td> <td class="td2">                                             10 Centimeters                                         </td> </tr> <tr> <td class="td1">Item Width</td> <td class="td2">                                             10 Centimeters                                         </td> </tr> <tr> <td class="td1">Item Weight</td> <td class="td2">                                             610 Grams                                         </td> </tr> <tr> <td class="td1">Material</td> <td class="td2">                                             Synthetic                                         </td> </tr> <tr> <td class="td1">Closure</td> <td class="td2">                                             Twist Lock                                         </td> </tr> </table> </div> </div> </div>,18:03:2014,None
B00IMY43SG,Addons Shoulder Bag (Black)   SS14BGPGEN001 BLK,http://www.amazon.in/Bags-Briefcases/b/ref=sd_allcat_lug_briefcases/276-6718833-1247838?ie=UTF8&node=2917431031,None,Bags & Briefcase,Handbags & Clutches,Addons,http://ecx.images-amazon.com/images/I/411AuM5lmEL._SL246_SX190_CR0 0 190 246_.jpg,None,self Colour,Handbags & Luggage,http://www.amazon.in/Addons-Shoulder-Bag-Black-SS14BGPGEN001/dp/B00IMY43SG/ref=sr_1_23/275-8441698-8645427?s=luggage&ie=UTF8&qid=1395127041&sr=1-23,[<a href="/gp/help/seller/at-a-glance.html/275-8441698-8645427?ie=UTF8&amp;isAmazonFulfilled=1&amp;seller=AN09AZJH263S3">Addons Fashion Accessories</a>  <a href="/gp/help/customer/display.html/275-8441698-8645427?ie=UTF8&amp;nodeId=200953360&amp;ref=dp_fulfillment" id="SSOFpopoverLink"><strong>Fulfilled by Amazon</strong></a>],Addons Shoulder Bag (Black) SS14BGPGEN001 BLK: Amazon.in: Luggage & Bags,Addons Shoulder Bag (Black) SS14BGPGEN001 BLK: Amazon.in: Luggage & Bags,None,<div class="bucket" id="productDescription"> <h2>Product Description</h2> <div class="content"> <h3 class="productDescriptionSource"></h3> <div class="productDescriptionWrapper">        A luxe backpack is this season's must-have bag. The elevated take on the look is expertly constructed from smooth black PU. The roomy compartment can easily hold your tablet  wallet and other essentials.              <div class="emptyClear"> </div> </div> </div> </div>,<div align="left" class="bucket" id="techSpecSoftlinesWrap"><h2>Product Specifications </h2> <div class="content"> <div id="techSpecSoftlines"> <table cellspacing="0"> <tr> <th colspan="2"> </th> </tr> <tr> <td class="td1">Item Height</td> <td class="td2">                                             10 Centimeters                                         </td> </tr> <tr> <td class="td1">Item Length</td> <td class="td2">                                             10 Centimeters                                         </td> </tr> <tr> <td class="td1">Item Width</td> <td class="td2">                                             10 Centimeters                                         </td> </tr> <tr> <td class="td1">Item Weight</td> <td class="td2">                                             1000 Grams                                         </td> </tr> <tr> <td class="td1">Material</td> <td class="td2">                                             Synthetic                                         </td> </tr> <tr> <td class="td1">Closure</td> <td class="td2">                                             Zip                                         </td> </tr> </table> </div> </div> </div>,18:03:2014,None
B00IMY4AZC,Addons Sling Bag (Blue)   AW13BGGEN004 BLU,http://www.amazon.in/Bags-Briefcases/b/ref=sd_allcat_lug_briefcases/276-6718833-1247838?ie=UTF8&node=2917431031,None,Bags & Briefcase,Handbags & Clutches,Addons,http://ecx.images-amazon.com/images/I/411AuM5lmEL._SL246_SX190_CR0 0 190 246_.jpg,None,self Colour,Handbags & Luggage,http://www.amazon.in/Addons-Sling-Bag-Blue-AW13BGGEN004/dp/B00IMY4AZC/ref=sr_1_24/275-8441698-8645427?s=luggage&ie=UTF8&qid=1395127041&sr=1-24,[<a href="/gp/help/seller/at-a-glance.html/275-8441698-8645427?ie=UTF8&amp;isAmazonFulfilled=1&amp;seller=AN09AZJH263S3">Addons Fashion Accessories</a>  <a href="/gp/help/customer/display.html/275-8441698-8645427?ie=UTF8&amp;nodeId=200953360&amp;ref=dp_fulfillment" id="SSOFpopoverLink"><strong>Fulfilled by Amazon</strong></a>],Addons Sling Bag (Blue) AW13BGGEN004 BLU: Amazon.in: Luggage & Bags,Addons Sling Bag (Blue) AW13BGGEN004 BLU: Amazon.in: Luggage & Bags,None,<div class="bucket" id="productDescription"> <h2>Product Description</h2> <div class="content"> <h3 class="productDescriptionSource"></h3> <div class="productDescriptionWrapper">        Single colour Cut Out Flap opening Sling bag.              <div class="emptyClear"> </div> </div> </div> </div>,<div align="left" class="bucket" id="techSpecSoftlinesWrap"><h2>Product Specifications </h2> <div class="content"> <div id="techSpecSoftlines"> <table cellspacing="0"> <tr> <th colspan="2"> </th> </tr> <tr> <td class="td1">Item Height</td> <td class="td2">                                             10 Centimeters                                         </td> </tr> <tr> <td class="td1">Item Length</td> <td class="td2">                                             10 Centimeters                                         </td> </tr> <tr> <td class="td1">Item Width</td> <td class="td2">                                             10 Centimeters                                         </td> </tr> <tr> <td class="td1">Item Weight</td> <td class="td2">                                             520 Grams                                         </td> </tr> <tr> <td class="td1">Material</td> <td class="td2">                                             Synthetic                                         </td> </tr> <tr> <td class="td1">Closure</td> <td class="td2">                                             Snap                                         </td> </tr> </table> </div> </div> </div>,18:03:2014,None
B00IMY4AD4,Addons Sling Bag (Orange)   AW13BGGEN004 ONG,http://www.amazon.in/Bags-Briefcases/b/ref=sd_allcat_lug_briefcases/276-6718833-1247838?ie=UTF8&node=2917431031,None,Bags & Briefcase,Handbags & Clutches,Addons,http://ecx.images-amazon.com/images/I/411AuM5lmEL._SL246_SX190_CR0 0 190 246_.jpg,None,self Colour,Handbags & Luggage,http://www.amazon.in/Addons-Sling-Bag-Orange-AW13BGGEN004/dp/B00IMY4AD4/ref=sr_1_25/275-8441698-8645427?s=luggage&ie=UTF8&qid=1395127041&sr=1-25,[<a href="/gp/help/seller/at-a-glance.html/275-8441698-8645427?ie=UTF8&amp;isAmazonFulfilled=1&amp;seller=AN09AZJH263S3">Addons Fashion Accessories</a>  <a href="/gp/help/customer/display.html/275-8441698-8645427?ie=UTF8&amp;nodeId=200953360&amp;ref=dp_fulfillment" id="SSOFpopoverLink"><strong>Fulfilled by Amazon</strong></a>],Addons Sling Bag (Orange) AW13BGGEN004 ONG: Amazon.in: Luggage & Bags,Addons Sling Bag (Orange) AW13BGGEN004 ONG: Amazon.in: Luggage & Bags,None,<div class="bucket" id="productDescription"> <h2>Product Description</h2> <div class="content"> <h3 class="productDescriptionSource"></h3> <div class="productDescriptionWrapper">        Single colour Cut Out Flap opening Sling bag.              <div class="emptyClear"> </div> </div> </div> </div>,<div align="left" class="bucket" id="techSpecSoftlinesWrap"><h2>Product Specifications </h2> <div class="content"> <div id="techSpecSoftlines"> <table cellspacing="0"> <tr> <th colspan="2"> </th> </tr> <tr> <td class="td1">Item Height</td> <td class="td2">                                             10 Centimeters                                         </td> </tr> <tr> <td class="td1">Item Length</td> <td class="td2">                                             10 Centimeters                                         </td> </tr> <tr> <td class="td1">Item Width</td> <td class="td2">                                             10 Centimeters                                         </td> </tr> <tr> <td class="td1">Item Weight</td> <td class="td2">                                             520 Grams                                         </td> </tr> <tr> <td class="td1">Material</td> <td class="td2">                                             Synthetic                                         </td> </tr> <tr> <td class="td1">Closure</td> <td class="td2">                                             Snap                                         </td> </tr> </table> </div> </div> </div>,18:03:2014,None
B00IMY3V9I,Addons Handbag (Tan)   SS14BGGEN003 TAN,http://www.amazon.in/Bags-Briefcases/b/ref=sd_allcat_lug_briefcases/276-6718833-1247838?ie=UTF8&node=2917431031,None,Bags & Briefcase,Handbags & Clutches,Addons,http://ecx.images-amazon.com/images/I/411AuM5lmEL._SL246_SX190_CR0 0 190 246_.jpg,None,self Colour,Handbags & Luggage,http://www.amazon.in/Addons-Handbag-Tan-SS14BGGEN003-TAN/dp/B00IMY3V9I/ref=sr_1_20/275-8441698-8645427?s=luggage&ie=UTF8&qid=1395127041&sr=1-20,[<a href="/gp/help/seller/at-a-glance.html/275-8441698-8645427?ie=UTF8&amp;isAmazonFulfilled=1&amp;seller=AN09AZJH263S3">Addons Fashion Accessories</a>  <a href="/gp/help/customer/display.html/275-8441698-8645427?ie=UTF8&amp;nodeId=200953360&amp;ref=dp_fulfillment" id="SSOFpopoverLink"><strong>Fulfilled by Amazon</strong></a>],Addons Handbag (Tan) SS14BGGEN003 TAN: Amazon.in: Luggage & Bags,Addons Handbag (Tan) SS14BGGEN003 TAN: Amazon.in: Luggage & Bags,None,<div class="bucket" id="productDescription"> <h2>Product Description</h2> <div class="content"> <h3 class="productDescriptionSource"></h3> <div class="productDescriptionWrapper">        Classic textured duffle is timelessly classic and versatile. The surprisingly spacious interior and with a look of luxe makes it perfect for your daily commute.              <div class="emptyClear"> </div> </div> </div> </div>,<div align="left" class="bucket" id="techSpecSoftlinesWrap"><h2>Product Specifications </h2> <div class="content"> <div id="techSpecSoftlines"> <table cellspacing="0"> <tr> <th colspan="2"> </th> </tr> <tr> <td class="td1">Item Height</td> <td class="td2">                                             10 Centimeters                                         </td> </tr> <tr> <td class="td1">Item Length</td> <td class="td2">                                             10 Centimeters                                         </td> </tr> <tr> <td class="td1">Item Width</td> <td class="td2">                                             10 Centimeters                                         </td> </tr> <tr> <td class="td1">Item Weight</td> <td class="td2">                                             610 Grams                                         </td> </tr> <tr> <td class="td1">Material</td> <td class="td2">                                             Synthetic                                         </td> </tr> <tr> <td class="td1">Closure</td> <td class="td2">                                             Twist Lock                                         </td> </tr> </table> </div> </div> </div>,18:03:2014,None
B00IMY492G,Addons Handbag (Pink)   AW13BGRVT003 PNK,http://www.amazon.in/Bags-Briefcases/b/ref=sd_allcat_lug_briefcases/276-6718833-1247838?ie=UTF8&node=2917431031,None,Bags & Briefcase,Handbags & Clutches,Addons,http://ecx.images-amazon.com/images/I/411AuM5lmEL._SL246_SX190_CR0 0 190 246_.jpg,None,self Colour,Handbags & Luggage,http://www.amazon.in/Addons-Handbag-Pink-AW13BGRVT003-PNK/dp/B00IMY492G/ref=sr_1_17/275-8441698-8645427?s=luggage&ie=UTF8&qid=1395127041&sr=1-17,[<a href="/gp/help/seller/at-a-glance.html/275-8441698-8645427?ie=UTF8&amp;isAmazonFulfilled=1&amp;seller=AN09AZJH263S3">Addons Fashion Accessories</a>  <a href="/gp/help/customer/display.html/275-8441698-8645427?ie=UTF8&amp;nodeId=200953360&amp;ref=dp_fulfillment" id="SSOFpopoverLink"><strong>Fulfilled by Amazon</strong></a>],Addons Handbag (Pink) AW13BGRVT003 PNK: Amazon.in: Luggage & Bags,Addons Handbag (Pink) AW13BGRVT003 PNK: Amazon.in: Luggage & Bags,None,<div class="bucket" id="productDescription"> <h2>Product Description</h2> <div class="content"> <h3 class="productDescriptionSource"></h3> <div class="productDescriptionWrapper">        Rivets studded Duffle Handbag with 2 compartments and 3 pockets              <div class="emptyClear"> </div> </div> </div> </div>,<div align="left" class="bucket" id="techSpecSoftlinesWrap"><h2>Product Specifications </h2> <div class="content"> <div id="techSpecSoftlines"> <table cellspacing="0"> <tr> <th colspan="2"> </th> </tr> <tr> <td class="td1">Item Height</td> <td class="td2">                                             10 Centimeters                                         </td> </tr> <tr> <td class="td1">Item Length</td> <td class="td2">                                             10 Centimeters                                         </td> </tr> <tr> <td class="td1">Item Width</td> <td class="td2">                                             10 Centimeters                                         </td> </tr> <tr> <td class="td1">Item Weight</td> <td class="td2">                                             520 Grams                                         </td> </tr> <tr> <td class="td1">Material</td> <td class="td2">                                             Synthetic                                         </td> </tr> <tr> <td class="td1">Closure</td> <td class="td2">                                             Zip                                         </td> </tr> </table> </div> </div> </div>,18:03:2014,None
