B00DRE3WCO,Nike N150 Storm EDT N/S for Men  Green  150ml,http://www.amazon.in/Fragrances/b/ref=sd_allcat_beauty_fragrance/276-6718833-1247838?ie=UTF8&node=1374298031,Rs. 750.00,Fragranc,Perfume,Nike,http://ecx.images-amazon.com/images/I/31l1aSi2PEL._AA160_.jpg,Rs. 750.00,self Colour,Beauty & Health,http://www.amazon.in/Nike-N150-Storm-Green-150ml/dp/B00DRE3WCO/ref=sr_1_27/275-4834488-1298866?s=beauty&ie=UTF8&qid=1395126974&sr=1-27,[<a class="buyAction" href="/gp/offer-listing/B00DRE3WCO/ref=dp_olp_0/275-4834488-1298866?ie=UTF8&amp;condition=all">these sellers</a>],Amazon.in: Buy Nike N150 Storm EDT N/S for Men  Green  150ml Online at Best Price in India | Amazon Beauty Store,Buy Nike N150 Storm EDT N/S for Men  Green  150ml at lowest price in India on Amazon.in. Check out Nike N150 Storm EDT N/S for Men  Green  150ml reviews  ratings  features  specifications and browse more Beauty products online at best prices on Amazon.in.,None,<div class="bucket" id="productDescription"> <h2>Product Description</h2> <div class="content"> <h3 class="productDescriptionSource"></h3> <div class="productDescriptionWrapper">        A gently refreshing fragrance which provides long lasting protection with unique active formula.              <div class="emptyClear"> </div> </div> </div> </div>,None,18:03:2014,None
B00DRE48PE,Nike Up Or Down Perf Edt for Women  Blue  75ml,http://www.amazon.in/Fragrances/b/ref=sd_allcat_beauty_fragrance/276-6718833-1247838?ie=UTF8&node=1374298031,Rs. 689.00,Fragranc,Perfume,Nike,http://ecx.images-amazon.com/images/I/31l1aSi2PEL._AA160_.jpg,Rs. 689.00,self Colour,Beauty & Health,http://www.amazon.in/Nike-Down-Perf-Women-Blue/dp/B00DRE48PE/ref=sr_1_2/275-4834488-1298866?s=beauty&ie=UTF8&qid=1395126970&sr=1-2,[<a class="buyAction" href="/gp/offer-listing/B00DRE48PE/ref=dp_olp_0/275-4834488-1298866?ie=UTF8&amp;condition=all">these sellers</a>],Amazon.in: Buy Nike Up Or Down Perf Edt for Women  Blue  75ml Online at Best Price in India | Amazon Beauty Store,Buy Nike Up Or Down Perf Edt for Women  Blue  75ml at lowest price in India on Amazon.in. Check out Nike Up Or Down Perf Edt for Women  Blue  75ml reviews  ratings  features  specifications and browse more Beauty products online at best prices on Amazon.in.,None,<div class="bucket" id="productDescription"> <h2>Product Description</h2> <div class="content"> <h3 class="productDescriptionSource"></h3> <div class="productDescriptionWrapper">        Nike up or down for women is an Eau de Toilette natural spray that offers long lasting protection and leaves you feeling refreshed for a long time.              <div class="emptyClear"> </div> </div> </div> </div>,None,18:03:2014,None
B00DRE4I3G,Nike N150 Sensual Touch EDT for Women  Purple  150ml,http://www.amazon.in/Fragrances/b/ref=sd_allcat_beauty_fragrance/276-6718833-1247838?ie=UTF8&node=1374298031,Rs. 825.00,Fragranc,Perfume,Nike,http://ecx.images-amazon.com/images/I/31l1aSi2PEL._AA160_.jpg,Rs. 825.00,self Colour,Beauty & Health,http://www.amazon.in/Nike-Sensual-Touch-Women-Purple/dp/B00DRE4I3G/ref=sr_1_25/275-4834488-1298866?s=beauty&ie=UTF8&qid=1395126974&sr=1-25,[<a class="buyAction" href="/gp/offer-listing/B00DRE4I3G/ref=dp_olp_0/275-4834488-1298866?ie=UTF8&amp;condition=all">these sellers</a>],Amazon.in: Buy Nike N150 Sensual Touch EDT for Women  Purple  150ml Online at Best Price in India | Amazon Beauty Store,Buy Nike N150 Sensual Touch EDT for Women  Purple  150ml at lowest price in India on Amazon.in. Check out Nike N150 Sensual Touch EDT for Women  Purple  150ml reviews  ratings  features  specifications and browse more Beauty products online at best prices on Amazon.in.,None,<div class="bucket" id="productDescription"> <h2>Product Description</h2> <div class="content"> <h3 class="productDescriptionSource"></h3> <div class="productDescriptionWrapper">        A gently refreshing fragrance which provides long lasting protection with unique active formula.              <div class="emptyClear"> </div> </div> </div> </div>,None,18:03:2014,None
B00DRE3TUO,Nike Fission EDT for Men  Green  100ml,http://www.amazon.in/Fragrances/b/ref=sd_allcat_beauty_fragrance/276-6718833-1247838?ie=UTF8&node=1374298031,None,Fragranc,Perfume,Nike,http://ecx.images-amazon.com/images/I/31l1aSi2PEL._AA160_.jpg,None,self Colour,Beauty & Health,http://www.amazon.in/Nike-Fission-EDT-Green-100ml/dp/B00DRE3TUO/ref=sr_1_1/275-4834488-1298866?s=beauty&ie=UTF8&qid=1395126970&sr=1-1,[<a href="/gp/help/seller/at-a-glance.html/275-4834488-1298866?ie=UTF8&amp;seller=A2NFQIUV2YGOLG">Fragume</a>],Amazon.in: Buy Nike Fission EDT for Men  Green  100ml Online at Best Price in India | Amazon Beauty Store,Buy Nike Fission EDT for Men  Green  100ml at lowest price in India on Amazon.in. Check out Nike Fission EDT for Men  Green  100ml reviews  ratings  features  specifications and browse more Beauty products online at best prices on Amazon.in.,None,<div class="bucket" id="productDescription"> <h2>Product Description</h2> <div class="content"> <h3 class="productDescriptionSource"></h3> <div class="productDescriptionWrapper">        Nike Fission for men is a perfume that brings a tinge of freshness in your routine. It is a spicy  fruity and floral scent with top notes of bergamot  cardamom  grapefruit  and pepper. Strong  yet refreshing  the perfume has nutmeg  elemi  and bamboo leaves at its heart. The base notes comprise of musk  vetiver and the essential woody accords to emphasise on power and confidence.              <div class="emptyClear"> </div> </div> </div> </div>,None,18:03:2014,None
B00DRE1IS4,Nike N150 Woman Sweet Emotion EDT N/S for Women  Orange  150ml,http://www.amazon.in/Fragrances/b/ref=sd_allcat_beauty_fragrance/276-6718833-1247838?ie=UTF8&node=1374298031,Rs. 999.00,Fragranc,Perfume,Nike,http://ecx.images-amazon.com/images/I/31l1aSi2PEL._AA160_.jpg,Rs. 999.00,self Colour,Beauty & Health,http://www.amazon.in/Nike-Woman-Sweet-Emotion-Orange/dp/B00DRE1IS4/ref=sr_1_29/275-4834488-1298866?s=beauty&ie=UTF8&qid=1395126974&sr=1-29,[<a class="buyAction" href="/gp/offer-listing/B00DRE1IS4/ref=dp_olp_0/275-4834488-1298866?ie=UTF8&amp;condition=all">these sellers</a>],Amazon.in: Buy Nike N150 Woman Sweet Emotion EDT N/S for Women  Orange  150ml Online at Best Price in India | Amazon Beauty Store,Buy Nike N150 Woman Sweet Emotion EDT N/S for Women  Orange  150ml at lowest price in India on Amazon.in. Check out Nike N150 Woman Sweet Emotion EDT N/S for Women  Orange  150ml reviews  ratings  features  specifications and browse more Beauty products online at best prices on Amazon.in.,None,<div class="bucket" id="productDescription"> <h2>Product Description</h2> <div class="content"> <h3 class="productDescriptionSource"></h3> <div class="productDescriptionWrapper">        Nike fragrances greets you with fresh fragrances that are long lasting and smell divine. Add this to your perfume collection and put yourself in Nike Fragrances's expert care.              <div class="emptyClear"> </div> </div> </div> </div>,None,18:03:2014,None
B0083H24Y2,Nike N150 Spicy Love EDT for Women  Green  150ml,http://www.amazon.in/Fragrances/b/ref=sd_allcat_beauty_fragrance/276-6718833-1247838?ie=UTF8&node=1374298031,Rs. 999.00,Fragranc,Perfume,Nike,http://ecx.images-amazon.com/images/I/31l1aSi2PEL._AA160_.jpg,Rs. 999.00,self Colour,Beauty & Health,http://www.amazon.in/Nike-Spicy-Women-Green-150ml/dp/B0083H24Y2/ref=sr_1_26/275-4834488-1298866?s=beauty&ie=UTF8&qid=1395126974&sr=1-26,[<a class="buyAction" href="/gp/offer-listing/B0083H24Y2/ref=dp_olp_0/275-4834488-1298866?ie=UTF8&amp;condition=all">these sellers</a>],Amazon.in: Buy Nike N150 Spicy Love EDT for Women  Green  150ml Online at Best Price in India | Amazon Beauty Store,Buy Nike N150 Spicy Love EDT for Women  Green  150ml at lowest price in India on Amazon.in. Check out Nike N150 Spicy Love EDT for Women  Green  150ml reviews  ratings  features  specifications and browse more Beauty products online at best prices on Amazon.in.,None,None,None,18:03:2014,None
B00DRE10QO,Nike Trendy EDT for Women  Pink  75ml,http://www.amazon.in/Fragrances/b/ref=sd_allcat_beauty_fragrance/276-6718833-1247838?ie=UTF8&node=1374298031,Rs. 648.00,Fragranc,Perfume,Nike,http://ecx.images-amazon.com/images/I/31l1aSi2PEL._AA160_.jpg,Rs. 648.00,self Colour,Beauty & Health,http://www.amazon.in/Nike-Trendy-Women-Pink-75ml/dp/B00DRE10QO/ref=sr_1_3/275-4834488-1298866?s=beauty&ie=UTF8&qid=1395126970&sr=1-3,[<a class="buyAction" href="/gp/offer-listing/B00DRE10QO/ref=dp_olp_0/275-4834488-1298866?ie=UTF8&amp;condition=all">these sellers</a>],Amazon.in: Buy Nike Trendy EDT for Women  Pink  75ml Online at Best Price in India | Amazon Beauty Store,Buy Nike Trendy EDT for Women  Pink  75ml at lowest price in India on Amazon.in. Check out Nike Trendy EDT for Women  Pink  75ml reviews  ratings  features  specifications and browse more Beauty products online at best prices on Amazon.in.,None,None,None,18:03:2014,None
B00DRE485E,Nike Up Or Down Perf EDT for Men  Orange  75ml,http://www.amazon.in/Fragrances/b/ref=sd_allcat_beauty_fragrance/276-6718833-1247838?ie=UTF8&node=1374298031,Rs. 699.00,Fragranc,Perfume,Nike,http://ecx.images-amazon.com/images/I/31l1aSi2PEL._AA160_.jpg,Rs. 699.00,self Colour,Beauty & Health,http://www.amazon.in/Nike-Down-Perf-Orange-75ml/dp/B00DRE485E/ref=sr_1_32/275-4834488-1298866?s=beauty&ie=UTF8&qid=1395126974&sr=1-32,[<a class="buyAction" href="/gp/offer-listing/B00DRE485E/ref=dp_olp_0/275-4834488-1298866?ie=UTF8&amp;condition=all">these sellers</a>],Amazon.in: Buy Nike Up Or Down Perf EDT for Men  Orange  75ml Online at Best Price in India | Amazon Beauty Store,Buy Nike Up Or Down Perf EDT for Men  Orange  75ml at lowest price in India on Amazon.in. Check out Nike Up Or Down Perf EDT for Men  Orange  75ml reviews  ratings  features  specifications and browse more Beauty products online at best prices on Amazon.in.,None,<div class="bucket" id="productDescription"> <h2>Product Description</h2> <div class="content"> <h3 class="productDescriptionSource"></h3> <div class="productDescriptionWrapper">        Nike Up or Down is an Eau de Toilette Deodorant for men that offers long-lasting protection from body odors.              <div class="emptyClear"> </div> </div> </div> </div>,None,18:03:2014,None
B00DRE108M,Nike Pure EDT for Women  Blue  75ml,http://www.amazon.in/Fragrances/b/ref=sd_allcat_beauty_fragrance/276-6718833-1247838?ie=UTF8&node=1374298031,None,Fragranc,Perfume,Nike,http://ecx.images-amazon.com/images/I/31l1aSi2PEL._AA160_.jpg,None,self Colour,Beauty & Health,http://www.amazon.in/Nike-Pure-Women-Blue-75ml/dp/B00DRE108M/ref=sr_1_31/275-4834488-1298866?s=beauty&ie=UTF8&qid=1395126974&sr=1-31,[<a href="/gp/help/seller/at-a-glance.html/275-4834488-1298866?ie=UTF8&amp;seller=A2NFQIUV2YGOLG">Fragume</a>],Amazon.in: Buy Nike Pure EDT for Women  Blue  75ml Online at Best Price in India | Amazon Beauty Store,Buy Nike Pure EDT for Women  Blue  75ml at lowest price in India on Amazon.in. Check out Nike Pure EDT for Women  Blue  75ml reviews  ratings  features  specifications and browse more Beauty products online at best prices on Amazon.in.,None,None,None,18:03:2014,None
B00DRE1BZO,Nike N5Th Element Woman EDT Deo Spray for Women  Red  200ml,http://www.amazon.in/Fragrances/b/ref=sd_allcat_beauty_fragrance/276-6718833-1247838?ie=UTF8&node=1374298031,Rs. 769.00,Fragranc,Perfume,Nike,http://ecx.images-amazon.com/images/I/31l1aSi2PEL._AA160_.jpg,Rs. 769.00,self Colour,Beauty & Health,http://www.amazon.in/Nike-Element-Woman-Spray-Women/dp/B00DRE1BZO/ref=sr_1_30/275-4834488-1298866?s=beauty&ie=UTF8&qid=1395126974&sr=1-30,[<a class="buyAction" href="/gp/offer-listing/B00DRE1BZO/ref=dp_olp_0/275-4834488-1298866?ie=UTF8&amp;condition=all">these sellers</a>],Amazon.in: Buy Nike N5Th Element Woman EDT Deo Spray for Women  Red  200ml Online at Best Price in India | Amazon Beauty Store,Buy Nike N5Th Element Woman EDT Deo Spray for Women  Red  200ml at lowest price in India on Amazon.in. Check out Nike N5Th Element Woman EDT Deo Spray for Women  Red  200ml reviews  ratings  features  specifications and browse more Beauty products online at best prices on Amazon.in.,None,None,None,18:03:2014,None
